game_id,game_date,athlete_id,player,side,key,label,stat,dist,line,proj,season,over,pick,conf,recorded_at,actual,played,graded,hit,push
401816943,2026-09-15,40926,Brent Rooker,away,hits,Hits,hits_pg,poisson,0.5,0.65,0.75,0.4803,under,low,2026-09-15T21:14:30Z,,,0,,
401816943,2026-09-15,40926,Brent Rooker,away,hr,Home Run,hr_pg,poisson,0.5,0.18,0.21,0.1674,under,high,2026-09-15T21:14:30Z,,,0,,
401816943,2026-09-15,40926,Brent Rooker,away,rbi,RBIs,rbi_pg,poisson,0.5,0.52,0.6,0.4076,under,med,2026-09-15T21:14:30Z,,,0,,
401816943,2026-09-15,40926,Brent Rooker,away,runs,Runs Scored,runs_pg,poisson,0.5,0.37,0.42,0.3068,under,high,2026-09-15T21:14:30Z,,,0,,
401816943,2026-09-15,40926,Brent Rooker,away,tb,Total Bases,tb_pg,negbin,1.5,1.27,1.46,0.3439,under,med,2026-09-15T21:14:30Z,,,0,,
401816943,2026-09-15,42598,Shea Langeliers,away,hits,Hits,hits_pg,poisson,0.5,0.92,1.06,0.6034,over,med,2026-09-15T21:14:30Z,,,0,,
401816943,2026-09-15,42598,Shea Langeliers,away,hits2,Hits (2+),hits_pg,poisson,1.5,0.92,1.06,0.2366,under,high,2026-09-15T21:14:30Z,,,0,,
401816943,2026-09-15,42598,Shea Langeliers,away,hr,Home Run,hr_pg,poisson,0.5,0.21,0.24,0.1889,under,high,2026-09-15T21:14:30Z,,,0,,
401816943,2026-09-15,42598,Shea Langeliers,away,rbi,RBIs,rbi_pg,poisson,0.5,0.5,0.57,0.3919,under,med,2026-09-15T21:14:30Z,,,0,,
401816943,2026-09-15,42598,Shea Langeliers,away,runs,Runs Scored,runs_pg,poisson,0.5,0.51,0.58,0.3971,under,med,2026-09-15T21:14:30Z,,,0,,
401816943,2026-09-15,42598,Shea Langeliers,away,tb,Total Bases,tb_pg,negbin,1.5,1.74,1.99,0.4761,under,low,2026-09-15T21:14:30Z,,,0,,
401816943,2026-09-15,4414531,Zack Gelof,away,hits,Hits,hits_pg,poisson,0.5,0.78,0.89,0.54,over,low,2026-09-15T21:14:30Z,,,0,,
401816943,2026-09-15,4414531,Zack Gelof,away,hits2,Hits (2+),hits_pg,poisson,1.5,0.78,0.89,0.1828,under,high,2026-09-15T21:14:30Z,,,0,,
401816943,2026-09-15,4414531,Zack Gelof,away,hr,Home Run,hr_pg,poisson,0.5,0.16,0.18,0.1453,under,high,2026-09-15T21:14:30Z,,,0,,
401816943,2026-09-15,4414531,Zack Gelof,away,rbi,RBIs,rbi_pg,poisson,0.5,0.4,0.46,0.3306,under,med,2026-09-15T21:14:30Z,,,0,,
401816943,2026-09-15,4414531,Zack Gelof,away,sb,Stolen Base,sb_pg,poisson,0.5,0.12,0.14,0.115,under,high,2026-09-15T21:14:30Z,,,0,,
401816943,2026-09-15,4414531,Zack Gelof,away,tb,Total Bases,tb_pg,negbin,1.5,1.42,1.63,0.3879,under,med,2026-09-15T21:14:30Z,,,0,,
401816943,2026-09-15,4686066,Tyler Soderstrom,away,hits,Hits,hits_pg,poisson,0.5,0.78,0.89,0.54,over,low,2026-09-15T21:14:30Z,,,0,,
401816943,2026-09-15,4686066,Tyler Soderstrom,away,hits2,Hits (2+),hits_pg,poisson,1.5,0.78,0.89,0.1828,under,high,2026-09-15T21:14:30Z,,,0,,
401816943,2026-09-15,4686066,Tyler Soderstrom,away,hr,Home Run,hr_pg,poisson,0.5,0.15,0.17,0.1379,under,high,2026-09-15T21:14:30Z,,,0,,
401816943,2026-09-15,4686066,Tyler Soderstrom,away,rbi,RBIs,rbi_pg,poisson,0.5,0.45,0.51,0.3592,under,med,2026-09-15T21:14:30Z,,,0,,
401816943,2026-09-15,4686066,Tyler Soderstrom,away,runs,Runs Scored,runs_pg,poisson,0.5,0.46,0.53,0.3703,under,med,2026-09-15T21:14:30Z,,,0,,
401816943,2026-09-15,4686066,Tyler Soderstrom,away,tb,Total Bases,tb_pg,negbin,1.5,1.5,1.72,0.4106,under,low,2026-09-15T21:14:30Z,,,0,,
401816943,2026-09-15,4719300,Jacob Wilson,away,hits,Hits,hits_pg,poisson,0.5,0.92,1.06,0.6034,over,med,2026-09-15T21:14:30Z,,,0,,
401816943,2026-09-15,4719300,Jacob Wilson,away,hits2,Hits (2+),hits_pg,poisson,1.5,0.92,1.06,0.2366,under,high,2026-09-15T21:14:30Z,,,0,,
401816943,2026-09-15,4719300,Jacob Wilson,away,hr,Home Run,hr_pg,poisson,0.5,0.08,0.09,0.0755,under,high,2026-09-15T21:14:30Z,,,0,,
401816943,2026-09-15,4719300,Jacob Wilson,away,rbi,RBIs,rbi_pg,poisson,0.5,0.4,0.46,0.3306,under,med,2026-09-15T21:14:30Z,,,0,,
401816943,2026-09-15,4719300,Jacob Wilson,away,runs,Runs Scored,runs_pg,poisson,0.5,0.4,0.46,0.3306,under,med,2026-09-15T21:14:30Z,,,0,,
401816943,2026-09-15,4719300,Jacob Wilson,away,tb,Total Bases,tb_pg,negbin,1.5,1.35,1.55,0.3673,under,med,2026-09-15T21:14:30Z,,,0,,
401816943,2026-09-15,4966637,Nick Kurtz,away,hits,Hits,hits_pg,poisson,0.5,0.79,0.91,0.548,over,low,2026-09-15T21:14:30Z,,,0,,
401816943,2026-09-15,4966637,Nick Kurtz,away,hits2,Hits (2+),hits_pg,poisson,1.5,0.79,0.91,0.1891,under,high,2026-09-15T21:14:30Z,,,0,,
401816943,2026-09-15,4966637,Nick Kurtz,away,hr,Home Run,hr_pg,poisson,0.5,0.18,0.21,0.1674,under,high,2026-09-15T21:14:30Z,,,0,,
401816943,2026-09-15,4966637,Nick Kurtz,away,rbi,RBIs,rbi_pg,poisson,0.5,0.61,0.7,0.4571,under,low,2026-09-15T21:14:30Z,,,0,,
401816943,2026-09-15,4966637,Nick Kurtz,away,runs,Runs Scored,runs_pg,poisson,0.5,0.55,0.63,0.4229,under,low,2026-09-15T21:14:30Z,,,0,,
401816943,2026-09-15,4966637,Nick Kurtz,away,tb,Total Bases,tb_pg,negbin,1.5,1.5,1.72,0.4106,under,low,2026-09-15T21:14:30Z,,,0,,
401816943,2026-09-15,5023768,Joshua Kuroda-Grauer,away,hits,Hits,hits_pg,poisson,0.5,1.36,1.56,0.7436,over,high,2026-09-15T21:14:30Z,,,0,,
401816943,2026-09-15,5023768,Joshua Kuroda-Grauer,away,hits2,Hits (2+),hits_pg,poisson,1.5,1.36,1.56,0.3947,under,med,2026-09-15T21:14:30Z,,,0,,
401816943,2026-09-15,5023768,Joshua Kuroda-Grauer,away,hr,Home Run,hr_pg,poisson,0.5,0.05,0.06,0.051,under,high,2026-09-15T21:14:30Z,,,0,,
401816943,2026-09-15,5023768,Joshua Kuroda-Grauer,away,rbi,RBIs,rbi_pg,poisson,0.5,0.22,0.25,0.196,under,high,2026-09-15T21:14:30Z,,,0,,
401816943,2026-09-15,5023768,Joshua Kuroda-Grauer,away,runs,Runs Scored,runs_pg,poisson,0.5,0.44,0.5,0.3536,under,med,2026-09-15T21:14:30Z,,,0,,
401816943,2026-09-15,5023768,Joshua Kuroda-Grauer,away,tb,Total Bases,tb_pg,negbin,1.5,1.91,2.19,0.5215,over,low,2026-09-15T21:14:30Z,,,0,,
401816943,2026-09-15,5080756,Henry Bolte,away,hits,Hits,hits_pg,poisson,0.5,0.82,0.94,0.5597,over,low,2026-09-15T21:14:30Z,,,0,,
401816943,2026-09-15,5080756,Henry Bolte,away,hits2,Hits (2+),hits_pg,poisson,1.5,0.82,0.94,0.1985,under,high,2026-09-15T21:14:30Z,,,0,,
401816943,2026-09-15,5080756,Henry Bolte,away,hr,Home Run,hr_pg,poisson,0.5,0.08,0.09,0.0755,under,high,2026-09-15T21:14:30Z,,,0,,
401816943,2026-09-15,5080756,Henry Bolte,away,rbi,RBIs,rbi_pg,poisson,0.5,0.27,0.31,0.237,under,high,2026-09-15T21:14:30Z,,,0,,
401816943,2026-09-15,5080756,Henry Bolte,away,sb,Stolen Base,sb_pg,poisson,0.5,0.17,0.19,0.1528,under,high,2026-09-15T21:14:30Z,,,0,,
401816943,2026-09-15,5080756,Henry Bolte,away,tb,Total Bases,tb_pg,negbin,1.5,1.19,1.36,0.3174,under,high,2026-09-15T21:14:30Z,,,0,,
401816958,2026-09-16,40926,Brent Rooker,away,hits,Hits,hits_pg,poisson,0.5,0.65,0.75,0.4803,under,low,2026-09-15T21:14:30Z,,,0,,
401816958,2026-09-16,40926,Brent Rooker,away,hr,Home Run,hr_pg,poisson,0.5,0.18,0.21,0.1674,under,high,2026-09-15T21:14:30Z,,,0,,
401816958,2026-09-16,40926,Brent Rooker,away,rbi,RBIs,rbi_pg,poisson,0.5,0.52,0.6,0.4076,under,med,2026-09-15T21:14:30Z,,,0,,
401816958,2026-09-16,40926,Brent Rooker,away,runs,Runs Scored,runs_pg,poisson,0.5,0.37,0.42,0.3068,under,high,2026-09-15T21:14:30Z,,,0,,
401816958,2026-09-16,40926,Brent Rooker,away,tb,Total Bases,tb_pg,negbin,1.5,1.27,1.46,0.3439,under,med,2026-09-15T21:14:30Z,,,0,,
401816958,2026-09-16,42598,Shea Langeliers,away,hits,Hits,hits_pg,poisson,0.5,0.92,1.06,0.6034,over,med,2026-09-15T21:14:30Z,,,0,,
401816958,2026-09-16,42598,Shea Langeliers,away,hits2,Hits (2+),hits_pg,poisson,1.5,0.92,1.06,0.2366,under,high,2026-09-15T21:14:30Z,,,0,,
401816958,2026-09-16,42598,Shea Langeliers,away,hr,Home Run,hr_pg,poisson,0.5,0.21,0.24,0.1889,under,high,2026-09-15T21:14:30Z,,,0,,
401816958,2026-09-16,42598,Shea Langeliers,away,rbi,RBIs,rbi_pg,poisson,0.5,0.5,0.57,0.3919,under,med,2026-09-15T21:14:30Z,,,0,,
401816958,2026-09-16,42598,Shea Langeliers,away,runs,Runs Scored,runs_pg,poisson,0.5,0.51,0.58,0.3971,under,med,2026-09-15T21:14:30Z,,,0,,
401816958,2026-09-16,42598,Shea Langeliers,away,tb,Total Bases,tb_pg,negbin,1.5,1.74,1.99,0.4761,under,low,2026-09-15T21:14:30Z,,,0,,
401816958,2026-09-16,4414531,Zack Gelof,away,hits,Hits,hits_pg,poisson,0.5,0.78,0.89,0.54,over,low,2026-09-15T21:14:30Z,,,0,,
401816958,2026-09-16,4414531,Zack Gelof,away,hits2,Hits (2+),hits_pg,poisson,1.5,0.78,0.89,0.1828,under,high,2026-09-15T21:14:30Z,,,0,,
401816958,2026-09-16,4414531,Zack Gelof,away,hr,Home Run,hr_pg,poisson,0.5,0.16,0.18,0.1453,under,high,2026-09-15T21:14:30Z,,,0,,
401816958,2026-09-16,4414531,Zack Gelof,away,rbi,RBIs,rbi_pg,poisson,0.5,0.4,0.46,0.3306,under,med,2026-09-15T21:14:30Z,,,0,,
401816958,2026-09-16,4414531,Zack Gelof,away,sb,Stolen Base,sb_pg,poisson,0.5,0.12,0.14,0.115,under,high,2026-09-15T21:14:30Z,,,0,,
401816958,2026-09-16,4414531,Zack Gelof,away,tb,Total Bases,tb_pg,negbin,1.5,1.42,1.63,0.3879,under,med,2026-09-15T21:14:30Z,,,0,,
401816958,2026-09-16,4686066,Tyler Soderstrom,away,hits,Hits,hits_pg,poisson,0.5,0.78,0.89,0.54,over,low,2026-09-15T21:14:30Z,,,0,,
401816958,2026-09-16,4686066,Tyler Soderstrom,away,hits2,Hits (2+),hits_pg,poisson,1.5,0.78,0.89,0.1828,under,high,2026-09-15T21:14:30Z,,,0,,
401816958,2026-09-16,4686066,Tyler Soderstrom,away,hr,Home Run,hr_pg,poisson,0.5,0.15,0.17,0.1379,under,high,2026-09-15T21:14:30Z,,,0,,
401816958,2026-09-16,4686066,Tyler Soderstrom,away,rbi,RBIs,rbi_pg,poisson,0.5,0.45,0.51,0.3592,under,med,2026-09-15T21:14:30Z,,,0,,
401816958,2026-09-16,4686066,Tyler Soderstrom,away,runs,Runs Scored,runs_pg,poisson,0.5,0.46,0.53,0.3703,under,med,2026-09-15T21:14:30Z,,,0,,
401816958,2026-09-16,4686066,Tyler Soderstrom,away,tb,Total Bases,tb_pg,negbin,1.5,1.5,1.72,0.4106,under,low,2026-09-15T21:14:30Z,,,0,,
401816958,2026-09-16,4719300,Jacob Wilson,away,hits,Hits,hits_pg,poisson,0.5,0.92,1.06,0.6034,over,med,2026-09-15T21:14:30Z,,,0,,
401816958,2026-09-16,4719300,Jacob Wilson,away,hits2,Hits (2+),hits_pg,poisson,1.5,0.92,1.06,0.2366,under,high,2026-09-15T21:14:30Z,,,0,,
401816958,2026-09-16,4719300,Jacob Wilson,away,hr,Home Run,hr_pg,poisson,0.5,0.08,0.09,0.0755,under,high,2026-09-15T21:14:30Z,,,0,,
401816958,2026-09-16,4719300,Jacob Wilson,away,rbi,RBIs,rbi_pg,poisson,0.5,0.4,0.46,0.3306,under,med,2026-09-15T21:14:30Z,,,0,,
401816958,2026-09-16,4719300,Jacob Wilson,away,runs,Runs Scored,runs_pg,poisson,0.5,0.4,0.46,0.3306,under,med,2026-09-15T21:14:30Z,,,0,,
401816958,2026-09-16,4719300,Jacob Wilson,away,tb,Total Bases,tb_pg,negbin,1.5,1.35,1.55,0.3673,under,med,2026-09-15T21:14:30Z,,,0,,
401816958,2026-09-16,4966637,Nick Kurtz,away,hits,Hits,hits_pg,poisson,0.5,0.79,0.91,0.548,over,low,2026-09-15T21:14:30Z,,,0,,
401816958,2026-09-16,4966637,Nick Kurtz,away,hits2,Hits (2+),hits_pg,poisson,1.5,0.79,0.91,0.1891,under,high,2026-09-15T21:14:30Z,,,0,,
401816958,2026-09-16,4966637,Nick Kurtz,away,hr,Home Run,hr_pg,poisson,0.5,0.18,0.21,0.1674,under,high,2026-09-15T21:14:30Z,,,0,,
401816958,2026-09-16,4966637,Nick Kurtz,away,rbi,RBIs,rbi_pg,poisson,0.5,0.61,0.7,0.4571,under,low,2026-09-15T21:14:30Z,,,0,,
401816958,2026-09-16,4966637,Nick Kurtz,away,runs,Runs Scored,runs_pg,poisson,0.5,0.55,0.63,0.4229,under,low,2026-09-15T21:14:30Z,,,0,,
401816958,2026-09-16,4966637,Nick Kurtz,away,tb,Total Bases,tb_pg,negbin,1.5,1.5,1.72,0.4106,under,low,2026-09-15T21:14:30Z,,,0,,
401816958,2026-09-16,5023768,Joshua Kuroda-Grauer,away,hits,Hits,hits_pg,poisson,0.5,1.36,1.56,0.7436,over,high,2026-09-15T21:14:30Z,,,0,,
401816958,2026-09-16,5023768,Joshua Kuroda-Grauer,away,hits2,Hits (2+),hits_pg,poisson,1.5,1.36,1.56,0.3947,under,med,2026-09-15T21:14:30Z,,,0,,
401816958,2026-09-16,5023768,Joshua Kuroda-Grauer,away,hr,Home Run,hr_pg,poisson,0.5,0.05,0.06,0.051,under,high,2026-09-15T21:14:30Z,,,0,,
401816958,2026-09-16,5023768,Joshua Kuroda-Grauer,away,rbi,RBIs,rbi_pg,poisson,0.5,0.22,0.25,0.196,under,high,2026-09-15T21:14:30Z,,,0,,
401816958,2026-09-16,5023768,Joshua Kuroda-Grauer,away,runs,Runs Scored,runs_pg,poisson,0.5,0.44,0.5,0.3536,under,med,2026-09-15T21:14:30Z,,,0,,
401816958,2026-09-16,5023768,Joshua Kuroda-Grauer,away,tb,Total Bases,tb_pg,negbin,1.5,1.91,2.19,0.5215,over,low,2026-09-15T21:14:30Z,,,0,,
401816958,2026-09-16,5080756,Henry Bolte,away,hits,Hits,hits_pg,poisson,0.5,0.82,0.94,0.5597,over,low,2026-09-15T21:14:30Z,,,0,,
401816958,2026-09-16,5080756,Henry Bolte,away,hits2,Hits (2+),hits_pg,poisson,1.5,0.82,0.94,0.1985,under,high,2026-09-15T21:14:30Z,,,0,,
401816958,2026-09-16,5080756,Henry Bolte,away,hr,Home Run,hr_pg,poisson,0.5,0.08,0.09,0.0755,under,high,2026-09-15T21:14:30Z,,,0,,
401816958,2026-09-16,5080756,Henry Bolte,away,rbi,RBIs,rbi_pg,poisson,0.5,0.27,0.31,0.237,under,high,2026-09-15T21:14:30Z,,,0,,
401816958,2026-09-16,5080756,Henry Bolte,away,sb,Stolen Base,sb_pg,poisson,0.5,0.17,0.19,0.1528,under,high,2026-09-15T21:14:30Z,,,0,,
401816958,2026-09-16,5080756,Henry Bolte,away,tb,Total Bases,tb_pg,negbin,1.5,1.19,1.36,0.3174,under,high,2026-09-15T21:14:30Z,,,0,,
401816973,2026-09-17,40926,Brent Rooker,away,hits,Hits,hits_pg,poisson,0.5,0.65,0.75,0.4803,under,low,2026-09-15T21:14:30Z,,,0,,
401816973,2026-09-17,40926,Brent Rooker,away,hr,Home Run,hr_pg,poisson,0.5,0.18,0.21,0.1674,under,high,2026-09-15T21:14:30Z,,,0,,
401816973,2026-09-17,40926,Brent Rooker,away,rbi,RBIs,rbi_pg,poisson,0.5,0.52,0.6,0.4076,under,med,2026-09-15T21:14:30Z,,,0,,
401816973,2026-09-17,40926,Brent Rooker,away,runs,Runs Scored,runs_pg,poisson,0.5,0.37,0.42,0.3068,under,high,2026-09-15T21:14:30Z,,,0,,
401816973,2026-09-17,40926,Brent Rooker,away,tb,Total Bases,tb_pg,negbin,1.5,1.27,1.46,0.3439,under,med,2026-09-15T21:14:30Z,,,0,,
401816973,2026-09-17,42598,Shea Langeliers,away,hits,Hits,hits_pg,poisson,0.5,0.92,1.06,0.6034,over,med,2026-09-15T21:14:30Z,,,0,,
401816973,2026-09-17,42598,Shea Langeliers,away,hits2,Hits (2+),hits_pg,poisson,1.5,0.92,1.06,0.2366,under,high,2026-09-15T21:14:30Z,,,0,,
401816973,2026-09-17,42598,Shea Langeliers,away,hr,Home Run,hr_pg,poisson,0.5,0.21,0.24,0.1889,under,high,2026-09-15T21:14:30Z,,,0,,
401816973,2026-09-17,42598,Shea Langeliers,away,rbi,RBIs,rbi_pg,poisson,0.5,0.5,0.57,0.3919,under,med,2026-09-15T21:14:30Z,,,0,,
401816973,2026-09-17,42598,Shea Langeliers,away,runs,Runs Scored,runs_pg,poisson,0.5,0.51,0.58,0.3971,under,med,2026-09-15T21:14:30Z,,,0,,
401816973,2026-09-17,42598,Shea Langeliers,away,tb,Total Bases,tb_pg,negbin,1.5,1.74,1.99,0.4761,under,low,2026-09-15T21:14:30Z,,,0,,
401816973,2026-09-17,4414531,Zack Gelof,away,hits,Hits,hits_pg,poisson,0.5,0.78,0.89,0.54,over,low,2026-09-15T21:14:30Z,,,0,,
401816973,2026-09-17,4414531,Zack Gelof,away,hits2,Hits (2+),hits_pg,poisson,1.5,0.78,0.89,0.1828,under,high,2026-09-15T21:14:30Z,,,0,,
401816973,2026-09-17,4414531,Zack Gelof,away,hr,Home Run,hr_pg,poisson,0.5,0.16,0.18,0.1453,under,high,2026-09-15T21:14:30Z,,,0,,
401816973,2026-09-17,4414531,Zack Gelof,away,rbi,RBIs,rbi_pg,poisson,0.5,0.4,0.46,0.3306,under,med,2026-09-15T21:14:30Z,,,0,,
401816973,2026-09-17,4414531,Zack Gelof,away,sb,Stolen Base,sb_pg,poisson,0.5,0.12,0.14,0.115,under,high,2026-09-15T21:14:30Z,,,0,,
401816973,2026-09-17,4414531,Zack Gelof,away,tb,Total Bases,tb_pg,negbin,1.5,1.42,1.63,0.3879,under,med,2026-09-15T21:14:30Z,,,0,,
401816973,2026-09-17,4686066,Tyler Soderstrom,away,hits,Hits,hits_pg,poisson,0.5,0.78,0.89,0.54,over,low,2026-09-15T21:14:30Z,,,0,,
401816973,2026-09-17,4686066,Tyler Soderstrom,away,hits2,Hits (2+),hits_pg,poisson,1.5,0.78,0.89,0.1828,under,high,2026-09-15T21:14:30Z,,,0,,
401816973,2026-09-17,4686066,Tyler Soderstrom,away,hr,Home Run,hr_pg,poisson,0.5,0.15,0.17,0.1379,under,high,2026-09-15T21:14:30Z,,,0,,
401816973,2026-09-17,4686066,Tyler Soderstrom,away,rbi,RBIs,rbi_pg,poisson,0.5,0.45,0.51,0.3592,under,med,2026-09-15T21:14:30Z,,,0,,
401816973,2026-09-17,4686066,Tyler Soderstrom,away,runs,Runs Scored,runs_pg,poisson,0.5,0.46,0.53,0.3703,under,med,2026-09-15T21:14:30Z,,,0,,
401816973,2026-09-17,4686066,Tyler Soderstrom,away,tb,Total Bases,tb_pg,negbin,1.5,1.5,1.72,0.4106,under,low,2026-09-15T21:14:30Z,,,0,,
401816973,2026-09-17,4719300,Jacob Wilson,away,hits,Hits,hits_pg,poisson,0.5,0.92,1.06,0.6034,over,med,2026-09-15T21:14:30Z,,,0,,
401816973,2026-09-17,4719300,Jacob Wilson,away,hits2,Hits (2+),hits_pg,poisson,1.5,0.92,1.06,0.2366,under,high,2026-09-15T21:14:30Z,,,0,,
401816973,2026-09-17,4719300,Jacob Wilson,away,hr,Home Run,hr_pg,poisson,0.5,0.08,0.09,0.0755,under,high,2026-09-15T21:14:30Z,,,0,,
401816973,2026-09-17,4719300,Jacob Wilson,away,rbi,RBIs,rbi_pg,poisson,0.5,0.4,0.46,0.3306,under,med,2026-09-15T21:14:30Z,,,0,,
401816973,2026-09-17,4719300,Jacob Wilson,away,runs,Runs Scored,runs_pg,poisson,0.5,0.4,0.46,0.3306,under,med,2026-09-15T21:14:30Z,,,0,,
401816973,2026-09-17,4719300,Jacob Wilson,away,tb,Total Bases,tb_pg,negbin,1.5,1.35,1.55,0.3673,under,med,2026-09-15T21:14:30Z,,,0,,
401816973,2026-09-17,4966637,Nick Kurtz,away,hits,Hits,hits_pg,poisson,0.5,0.79,0.91,0.548,over,low,2026-09-15T21:14:30Z,,,0,,
401816973,2026-09-17,4966637,Nick Kurtz,away,hits2,Hits (2+),hits_pg,poisson,1.5,0.79,0.91,0.1891,under,high,2026-09-15T21:14:30Z,,,0,,
401816973,2026-09-17,4966637,Nick Kurtz,away,hr,Home Run,hr_pg,poisson,0.5,0.18,0.21,0.1674,under,high,2026-09-15T21:14:30Z,,,0,,
401816973,2026-09-17,4966637,Nick Kurtz,away,rbi,RBIs,rbi_pg,poisson,0.5,0.61,0.7,0.4571,under,low,2026-09-15T21:14:30Z,,,0,,
401816973,2026-09-17,4966637,Nick Kurtz,away,runs,Runs Scored,runs_pg,poisson,0.5,0.55,0.63,0.4229,under,low,2026-09-15T21:14:30Z,,,0,,
401816973,2026-09-17,4966637,Nick Kurtz,away,tb,Total Bases,tb_pg,negbin,1.5,1.5,1.72,0.4106,under,low,2026-09-15T21:14:30Z,,,0,,
401816973,2026-09-17,5023768,Joshua Kuroda-Grauer,away,hits,Hits,hits_pg,poisson,0.5,1.36,1.56,0.7436,over,high,2026-09-15T21:14:30Z,,,0,,
401816973,2026-09-17,5023768,Joshua Kuroda-Grauer,away,hits2,Hits (2+),hits_pg,poisson,1.5,1.36,1.56,0.3947,under,med,2026-09-15T21:14:30Z,,,0,,
401816973,2026-09-17,5023768,Joshua Kuroda-Grauer,away,hr,Home Run,hr_pg,poisson,0.5,0.05,0.06,0.051,under,high,2026-09-15T21:14:30Z,,,0,,
401816973,2026-09-17,5023768,Joshua Kuroda-Grauer,away,rbi,RBIs,rbi_pg,poisson,0.5,0.22,0.25,0.196,under,high,2026-09-15T21:14:30Z,,,0,,
401816973,2026-09-17,5023768,Joshua Kuroda-Grauer,away,runs,Runs Scored,runs_pg,poisson,0.5,0.44,0.5,0.3536,under,med,2026-09-15T21:14:30Z,,,0,,
401816973,2026-09-17,5023768,Joshua Kuroda-Grauer,away,tb,Total Bases,tb_pg,negbin,1.5,1.91,2.19,0.5215,over,low,2026-09-15T21:14:30Z,,,0,,
401816973,2026-09-17,5080756,Henry Bolte,away,hits,Hits,hits_pg,poisson,0.5,0.82,0.94,0.5597,over,low,2026-09-15T21:14:30Z,,,0,,
401816973,2026-09-17,5080756,Henry Bolte,away,hits2,Hits (2+),hits_pg,poisson,1.5,0.82,0.94,0.1985,under,high,2026-09-15T21:14:30Z,,,0,,
401816973,2026-09-17,5080756,Henry Bolte,away,hr,Home Run,hr_pg,poisson,0.5,0.08,0.09,0.0755,under,high,2026-09-15T21:14:30Z,,,0,,
401816973,2026-09-17,5080756,Henry Bolte,away,rbi,RBIs,rbi_pg,poisson,0.5,0.27,0.31,0.237,under,high,2026-09-15T21:14:30Z,,,0,,
401816973,2026-09-17,5080756,Henry Bolte,away,sb,Stolen Base,sb_pg,poisson,0.5,0.17,0.19,0.1528,under,high,2026-09-15T21:14:30Z,,,0,,
401816973,2026-09-17,5080756,Henry Bolte,away,tb,Total Bases,tb_pg,negbin,1.5,1.19,1.36,0.3174,under,high,2026-09-15T21:14:30Z,,,0,,
401816982,2026-09-18,40926,Brent Rooker,away,hits,Hits,hits_pg,poisson,0.5,0.72,0.75,0.5122,over,low,2026-09-15T21:14:30Z,,,0,,
401816982,2026-09-18,40926,Brent Rooker,away,hits2,Hits (2+),hits_pg,poisson,1.5,0.72,0.75,0.162,under,high,2026-09-15T21:14:30Z,,,0,,
401816982,2026-09-18,40926,Brent Rooker,away,hr,Home Run,hr_pg,poisson,0.5,0.2,0.21,0.1821,under,high,2026-09-15T21:14:30Z,,,0,,
401816982,2026-09-18,40926,Brent Rooker,away,rbi,RBIs,rbi_pg,poisson,0.5,0.57,0.6,0.4368,under,low,2026-09-15T21:14:30Z,,,0,,
401816982,2026-09-18,40926,Brent Rooker,away,runs,Runs Scored,runs_pg,poisson,0.5,0.4,0.42,0.331,under,med,2026-09-15T21:14:30Z,,,0,,
401816982,2026-09-18,40926,Brent Rooker,away,tb,Total Bases,tb_pg,negbin,1.5,1.4,1.46,0.3805,under,med,2026-09-15T21:14:30Z,,,0,,
401816982,2026-09-18,42598,Shea Langeliers,away,hits,Hits,hits_pg,poisson,0.5,1.01,1.06,0.6374,over,med,2026-09-15T21:14:30Z,,,0,,
401816982,2026-09-18,42598,Shea Langeliers,away,hits2,Hits (2+),hits_pg,poisson,1.5,1.01,1.06,0.2695,under,high,2026-09-15T21:14:30Z,,,0,,
401816982,2026-09-18,42598,Shea Langeliers,away,hr,Home Run,hr_pg,poisson,0.5,0.23,0.24,0.2052,under,high,2026-09-15T21:14:30Z,,,0,,
401816982,2026-09-18,42598,Shea Langeliers,away,rbi,RBIs,rbi_pg,poisson,0.5,0.55,0.57,0.4204,under,low,2026-09-15T21:14:30Z,,,0,,
401816982,2026-09-18,42598,Shea Langeliers,away,runs,Runs Scored,runs_pg,poisson,0.5,0.56,0.58,0.426,under,low,2026-09-15T21:14:30Z,,,0,,
401816982,2026-09-18,42598,Shea Langeliers,away,tb,Total Bases,tb_pg,negbin,1.5,1.9,1.99,0.5199,over,low,2026-09-15T21:14:30Z,,,0,,
401816982,2026-09-18,4414531,Zack Gelof,away,hits,Hits,hits_pg,poisson,0.5,0.85,0.89,0.5733,over,low,2026-09-15T21:14:30Z,,,0,,
401816982,2026-09-18,4414531,Zack Gelof,away,hits2,Hits (2+),hits_pg,poisson,1.5,0.85,0.89,0.2099,under,high,2026-09-15T21:14:30Z,,,0,,
401816982,2026-09-18,4414531,Zack Gelof,away,hr,Home Run,hr_pg,poisson,0.5,0.17,0.18,0.1582,under,high,2026-09-15T21:14:30Z,,,0,,
401816982,2026-09-18,4414531,Zack Gelof,away,rbi,RBIs,rbi_pg,poisson,0.5,0.44,0.46,0.3561,under,med,2026-09-15T21:14:30Z,,,0,,
401816982,2026-09-18,4414531,Zack Gelof,away,sb,Stolen Base,sb_pg,poisson,0.5,0.13,0.14,0.1254,under,high,2026-09-15T21:14:30Z,,,0,,
401816982,2026-09-18,4414531,Zack Gelof,away,tb,Total Bases,tb_pg,negbin,1.5,1.56,1.63,0.4275,under,low,2026-09-15T21:14:30Z,,,0,,
401816982,2026-09-18,4686066,Tyler Soderstrom,away,hits,Hits,hits_pg,poisson,0.5,0.85,0.89,0.5733,over,low,2026-09-15T21:14:30Z,,,0,,
401816982,2026-09-18,4686066,Tyler Soderstrom,away,hits2,Hits (2+),hits_pg,poisson,1.5,0.85,0.89,0.2099,under,high,2026-09-15T21:14:30Z,,,0,,
401816982,2026-09-18,4686066,Tyler Soderstrom,away,hr,Home Run,hr_pg,poisson,0.5,0.16,0.17,0.1501,under,high,2026-09-15T21:14:30Z,,,0,,
401816982,2026-09-18,4686066,Tyler Soderstrom,away,rbi,RBIs,rbi_pg,poisson,0.5,0.49,0.51,0.3862,under,med,2026-09-15T21:14:30Z,,,0,,
401816982,2026-09-18,4686066,Tyler Soderstrom,away,runs,Runs Scored,runs_pg,poisson,0.5,0.51,0.53,0.3978,under,med,2026-09-15T21:14:30Z,,,0,,
401816982,2026-09-18,4686066,Tyler Soderstrom,away,tb,Total Bases,tb_pg,negbin,1.5,1.65,1.72,0.4515,under,low,2026-09-15T21:14:30Z,,,0,,
401816982,2026-09-18,4719300,Jacob Wilson,away,hits,Hits,hits_pg,poisson,0.5,1.01,1.06,0.6374,over,med,2026-09-15T21:14:30Z,,,0,,
401816982,2026-09-18,4719300,Jacob Wilson,away,hits2,Hits (2+),hits_pg,poisson,1.5,1.01,1.06,0.2695,under,high,2026-09-15T21:14:30Z,,,0,,
401816982,2026-09-18,4719300,Jacob Wilson,away,hr,Home Run,hr_pg,poisson,0.5,0.09,0.09,0.0825,under,high,2026-09-15T21:14:30Z,,,0,,
401816982,2026-09-18,4719300,Jacob Wilson,away,rbi,RBIs,rbi_pg,poisson,0.5,0.44,0.46,0.3561,under,med,2026-09-15T21:14:30Z,,,0,,
401816982,2026-09-18,4719300,Jacob Wilson,away,runs,Runs Scored,runs_pg,poisson,0.5,0.44,0.46,0.3561,under,med,2026-09-15T21:14:30Z,,,0,,
401816982,2026-09-18,4719300,Jacob Wilson,away,tb,Total Bases,tb_pg,negbin,1.5,1.48,1.55,0.4056,under,med,2026-09-15T21:14:30Z,,,0,,
401816982,2026-09-18,4966637,Nick Kurtz,away,hits,Hits,hits_pg,poisson,0.5,0.87,0.91,0.5814,over,low,2026-09-15T21:14:30Z,,,0,,
401816982,2026-09-18,4966637,Nick Kurtz,away,hits2,Hits (2+),hits_pg,poisson,1.5,0.87,0.91,0.2169,under,high,2026-09-15T21:14:30Z,,,0,,
401816982,2026-09-18,4966637,Nick Kurtz,away,hr,Home Run,hr_pg,poisson,0.5,0.2,0.21,0.1821,under,high,2026-09-15T21:14:30Z,,,0,,
401816982,2026-09-18,4966637,Nick Kurtz,away,rbi,RBIs,rbi_pg,poisson,0.5,0.67,0.7,0.4882,under,low,2026-09-15T21:14:30Z,,,0,,
401816982,2026-09-18,4966637,Nick Kurtz,away,runs,Runs Scored,runs_pg,poisson,0.5,0.6,0.63,0.4528,under,low,2026-09-15T21:14:30Z,,,0,,
401816982,2026-09-18,4966637,Nick Kurtz,away,tb,Total Bases,tb_pg,negbin,1.5,1.65,1.72,0.4515,under,low,2026-09-15T21:14:30Z,,,0,,
401816982,2026-09-18,5023768,Joshua Kuroda-Grauer,away,hits,Hits,hits_pg,poisson,0.5,1.49,1.56,0.7753,over,high,2026-09-15T21:14:30Z,,,0,,
401816982,2026-09-18,5023768,Joshua Kuroda-Grauer,away,hits2,Hits (2+),hits_pg,poisson,1.5,1.49,1.56,0.4398,under,low,2026-09-15T21:14:30Z,,,0,,
401816982,2026-09-18,5023768,Joshua Kuroda-Grauer,away,hr,Home Run,hr_pg,poisson,0.5,0.06,0.06,0.0558,under,high,2026-09-15T21:14:30Z,,,0,,
401816982,2026-09-18,5023768,Joshua Kuroda-Grauer,away,rbi,RBIs,rbi_pg,poisson,0.5,0.24,0.25,0.2128,under,high,2026-09-15T21:14:30Z,,,0,,
401816982,2026-09-18,5023768,Joshua Kuroda-Grauer,away,runs,Runs Scored,runs_pg,poisson,0.5,0.48,0.5,0.3803,under,med,2026-09-15T21:14:30Z,,,0,,
401816982,2026-09-18,5023768,Joshua Kuroda-Grauer,away,tb,Total Bases,tb_pg,negbin,1.5,2.1,2.19,0.5667,over,low,2026-09-15T21:14:30Z,,,0,,
401816982,2026-09-18,5080756,Henry Bolte,away,hits,Hits,hits_pg,poisson,0.5,0.9,0.94,0.5933,over,med,2026-09-15T21:14:30Z,,,0,,
401816982,2026-09-18,5080756,Henry Bolte,away,hits2,Hits (2+),hits_pg,poisson,1.5,0.9,0.94,0.2274,under,high,2026-09-15T21:14:30Z,,,0,,
401816982,2026-09-18,5080756,Henry Bolte,away,hr,Home Run,hr_pg,poisson,0.5,0.09,0.09,0.0825,under,high,2026-09-15T21:14:30Z,,,0,,
401816982,2026-09-18,5080756,Henry Bolte,away,rbi,RBIs,rbi_pg,poisson,0.5,0.3,0.31,0.2567,under,high,2026-09-15T21:14:30Z,,,0,,
401816982,2026-09-18,5080756,Henry Bolte,away,sb,Stolen Base,sb_pg,poisson,0.5,0.18,0.19,0.1663,under,high,2026-09-15T21:14:30Z,,,0,,
401816982,2026-09-18,5080756,Henry Bolte,away,tb,Total Bases,tb_pg,negbin,1.5,1.3,1.36,0.3521,under,med,2026-09-15T21:14:30Z,,,0,,
401816997,2026-09-19,40926,Brent Rooker,away,hits,Hits,hits_pg,poisson,0.5,0.72,0.75,0.5122,over,low,2026-09-15T21:14:30Z,,,0,,
401816997,2026-09-19,40926,Brent Rooker,away,hits2,Hits (2+),hits_pg,poisson,1.5,0.72,0.75,0.162,under,high,2026-09-15T21:14:30Z,,,0,,
401816997,2026-09-19,40926,Brent Rooker,away,hr,Home Run,hr_pg,poisson,0.5,0.2,0.21,0.1821,under,high,2026-09-15T21:14:30Z,,,0,,
401816997,2026-09-19,40926,Brent Rooker,away,rbi,RBIs,rbi_pg,poisson,0.5,0.57,0.6,0.4368,under,low,2026-09-15T21:14:30Z,,,0,,
401816997,2026-09-19,40926,Brent Rooker,away,runs,Runs Scored,runs_pg,poisson,0.5,0.4,0.42,0.331,under,med,2026-09-15T21:14:30Z,,,0,,
401816997,2026-09-19,40926,Brent Rooker,away,tb,Total Bases,tb_pg,negbin,1.5,1.4,1.46,0.3805,under,med,2026-09-15T21:14:30Z,,,0,,
401816997,2026-09-19,42598,Shea Langeliers,away,hits,Hits,hits_pg,poisson,0.5,1.01,1.06,0.6374,over,med,2026-09-15T21:14:30Z,,,0,,
401816997,2026-09-19,42598,Shea Langeliers,away,hits2,Hits (2+),hits_pg,poisson,1.5,1.01,1.06,0.2695,under,high,2026-09-15T21:14:30Z,,,0,,
401816997,2026-09-19,42598,Shea Langeliers,away,hr,Home Run,hr_pg,poisson,0.5,0.23,0.24,0.2052,under,high,2026-09-15T21:14:30Z,,,0,,
401816997,2026-09-19,42598,Shea Langeliers,away,rbi,RBIs,rbi_pg,poisson,0.5,0.55,0.57,0.4204,under,low,2026-09-15T21:14:30Z,,,0,,
401816997,2026-09-19,42598,Shea Langeliers,away,runs,Runs Scored,runs_pg,poisson,0.5,0.56,0.58,0.426,under,low,2026-09-15T21:14:30Z,,,0,,
401816997,2026-09-19,42598,Shea Langeliers,away,tb,Total Bases,tb_pg,negbin,1.5,1.9,1.99,0.5199,over,low,2026-09-15T21:14:30Z,,,0,,
401816997,2026-09-19,4414531,Zack Gelof,away,hits,Hits,hits_pg,poisson,0.5,0.85,0.89,0.5733,over,low,2026-09-15T21:14:30Z,,,0,,
401816997,2026-09-19,4414531,Zack Gelof,away,hits2,Hits (2+),hits_pg,poisson,1.5,0.85,0.89,0.2099,under,high,2026-09-15T21:14:30Z,,,0,,
401816997,2026-09-19,4414531,Zack Gelof,away,hr,Home Run,hr_pg,poisson,0.5,0.17,0.18,0.1582,under,high,2026-09-15T21:14:30Z,,,0,,
401816997,2026-09-19,4414531,Zack Gelof,away,rbi,RBIs,rbi_pg,poisson,0.5,0.44,0.46,0.3561,under,med,2026-09-15T21:14:30Z,,,0,,
401816997,2026-09-19,4414531,Zack Gelof,away,sb,Stolen Base,sb_pg,poisson,0.5,0.13,0.14,0.1254,under,high,2026-09-15T21:14:30Z,,,0,,
401816997,2026-09-19,4414531,Zack Gelof,away,tb,Total Bases,tb_pg,negbin,1.5,1.56,1.63,0.4275,under,low,2026-09-15T21:14:30Z,,,0,,
401816997,2026-09-19,4686066,Tyler Soderstrom,away,hits,Hits,hits_pg,poisson,0.5,0.85,0.89,0.5733,over,low,2026-09-15T21:14:30Z,,,0,,
401816997,2026-09-19,4686066,Tyler Soderstrom,away,hits2,Hits (2+),hits_pg,poisson,1.5,0.85,0.89,0.2099,under,high,2026-09-15T21:14:30Z,,,0,,
401816997,2026-09-19,4686066,Tyler Soderstrom,away,hr,Home Run,hr_pg,poisson,0.5,0.16,0.17,0.1501,under,high,2026-09-15T21:14:30Z,,,0,,
401816997,2026-09-19,4686066,Tyler Soderstrom,away,rbi,RBIs,rbi_pg,poisson,0.5,0.49,0.51,0.3862,under,med,2026-09-15T21:14:30Z,,,0,,
401816997,2026-09-19,4686066,Tyler Soderstrom,away,runs,Runs Scored,runs_pg,poisson,0.5,0.51,0.53,0.3978,under,med,2026-09-15T21:14:30Z,,,0,,
401816997,2026-09-19,4686066,Tyler Soderstrom,away,tb,Total Bases,tb_pg,negbin,1.5,1.65,1.72,0.4515,under,low,2026-09-15T21:14:30Z,,,0,,
401816997,2026-09-19,4719300,Jacob Wilson,away,hits,Hits,hits_pg,poisson,0.5,1.01,1.06,0.6374,over,med,2026-09-15T21:14:30Z,,,0,,
401816997,2026-09-19,4719300,Jacob Wilson,away,hits2,Hits (2+),hits_pg,poisson,1.5,1.01,1.06,0.2695,under,high,2026-09-15T21:14:30Z,,,0,,
401816997,2026-09-19,4719300,Jacob Wilson,away,hr,Home Run,hr_pg,poisson,0.5,0.09,0.09,0.0825,under,high,2026-09-15T21:14:30Z,,,0,,
401816997,2026-09-19,4719300,Jacob Wilson,away,rbi,RBIs,rbi_pg,poisson,0.5,0.44,0.46,0.3561,under,med,2026-09-15T21:14:30Z,,,0,,
401816997,2026-09-19,4719300,Jacob Wilson,away,runs,Runs Scored,runs_pg,poisson,0.5,0.44,0.46,0.3561,under,med,2026-09-15T21:14:30Z,,,0,,
401816997,2026-09-19,4719300,Jacob Wilson,away,tb,Total Bases,tb_pg,negbin,1.5,1.48,1.55,0.4056,under,med,2026-09-15T21:14:30Z,,,0,,
401816997,2026-09-19,4966637,Nick Kurtz,away,hits,Hits,hits_pg,poisson,0.5,0.87,0.91,0.5814,over,low,2026-09-15T21:14:30Z,,,0,,
401816997,2026-09-19,4966637,Nick Kurtz,away,hits2,Hits (2+),hits_pg,poisson,1.5,0.87,0.91,0.2169,under,high,2026-09-15T21:14:30Z,,,0,,
401816997,2026-09-19,4966637,Nick Kurtz,away,hr,Home Run,hr_pg,poisson,0.5,0.2,0.21,0.1821,under,high,2026-09-15T21:14:30Z,,,0,,
401816997,2026-09-19,4966637,Nick Kurtz,away,rbi,RBIs,rbi_pg,poisson,0.5,0.67,0.7,0.4882,under,low,2026-09-15T21:14:30Z,,,0,,
401816997,2026-09-19,4966637,Nick Kurtz,away,runs,Runs Scored,runs_pg,poisson,0.5,0.6,0.63,0.4528,under,low,2026-09-15T21:14:30Z,,,0,,
401816997,2026-09-19,4966637,Nick Kurtz,away,tb,Total Bases,tb_pg,negbin,1.5,1.65,1.72,0.4515,under,low,2026-09-15T21:14:30Z,,,0,,
401816997,2026-09-19,5023768,Joshua Kuroda-Grauer,away,hits,Hits,hits_pg,poisson,0.5,1.49,1.56,0.7753,over,high,2026-09-15T21:14:30Z,,,0,,
401816997,2026-09-19,5023768,Joshua Kuroda-Grauer,away,hits2,Hits (2+),hits_pg,poisson,1.5,1.49,1.56,0.4398,under,low,2026-09-15T21:14:30Z,,,0,,
401816997,2026-09-19,5023768,Joshua Kuroda-Grauer,away,hr,Home Run,hr_pg,poisson,0.5,0.06,0.06,0.0558,under,high,2026-09-15T21:14:30Z,,,0,,
401816997,2026-09-19,5023768,Joshua Kuroda-Grauer,away,rbi,RBIs,rbi_pg,poisson,0.5,0.24,0.25,0.2128,under,high,2026-09-15T21:14:30Z,,,0,,
401816997,2026-09-19,5023768,Joshua Kuroda-Grauer,away,runs,Runs Scored,runs_pg,poisson,0.5,0.48,0.5,0.3803,under,med,2026-09-15T21:14:30Z,,,0,,
401816997,2026-09-19,5023768,Joshua Kuroda-Grauer,away,tb,Total Bases,tb_pg,negbin,1.5,2.1,2.19,0.5667,over,low,2026-09-15T21:14:30Z,,,0,,
401816997,2026-09-19,5080756,Henry Bolte,away,hits,Hits,hits_pg,poisson,0.5,0.9,0.94,0.5933,over,med,2026-09-15T21:14:30Z,,,0,,
401816997,2026-09-19,5080756,Henry Bolte,away,hits2,Hits (2+),hits_pg,poisson,1.5,0.9,0.94,0.2274,under,high,2026-09-15T21:14:30Z,,,0,,
401816997,2026-09-19,5080756,Henry Bolte,away,hr,Home Run,hr_pg,poisson,0.5,0.09,0.09,0.0825,under,high,2026-09-15T21:14:30Z,,,0,,
401816997,2026-09-19,5080756,Henry Bolte,away,rbi,RBIs,rbi_pg,poisson,0.5,0.3,0.31,0.2567,under,high,2026-09-15T21:14:30Z,,,0,,
401816997,2026-09-19,5080756,Henry Bolte,away,sb,Stolen Base,sb_pg,poisson,0.5,0.18,0.19,0.1663,under,high,2026-09-15T21:14:30Z,,,0,,
401816997,2026-09-19,5080756,Henry Bolte,away,tb,Total Bases,tb_pg,negbin,1.5,1.3,1.36,0.3521,under,med,2026-09-15T21:14:30Z,,,0,,
401817012,2026-09-20,40926,Brent Rooker,away,hits,Hits,hits_pg,poisson,0.5,0.72,0.75,0.5122,over,low,2026-09-15T21:14:30Z,,,0,,
401817012,2026-09-20,40926,Brent Rooker,away,hits2,Hits (2+),hits_pg,poisson,1.5,0.72,0.75,0.162,under,high,2026-09-15T21:14:30Z,,,0,,
401817012,2026-09-20,40926,Brent Rooker,away,hr,Home Run,hr_pg,poisson,0.5,0.2,0.21,0.1821,under,high,2026-09-15T21:14:30Z,,,0,,
401817012,2026-09-20,40926,Brent Rooker,away,rbi,RBIs,rbi_pg,poisson,0.5,0.57,0.6,0.4368,under,low,2026-09-15T21:14:30Z,,,0,,
401817012,2026-09-20,40926,Brent Rooker,away,runs,Runs Scored,runs_pg,poisson,0.5,0.4,0.42,0.331,under,med,2026-09-15T21:14:30Z,,,0,,
401817012,2026-09-20,40926,Brent Rooker,away,tb,Total Bases,tb_pg,negbin,1.5,1.4,1.46,0.3805,under,med,2026-09-15T21:14:30Z,,,0,,
401817012,2026-09-20,42598,Shea Langeliers,away,hits,Hits,hits_pg,poisson,0.5,1.01,1.06,0.6374,over,med,2026-09-15T21:14:30Z,,,0,,
401817012,2026-09-20,42598,Shea Langeliers,away,hits2,Hits (2+),hits_pg,poisson,1.5,1.01,1.06,0.2695,under,high,2026-09-15T21:14:30Z,,,0,,
401817012,2026-09-20,42598,Shea Langeliers,away,hr,Home Run,hr_pg,poisson,0.5,0.23,0.24,0.2052,under,high,2026-09-15T21:14:30Z,,,0,,
401817012,2026-09-20,42598,Shea Langeliers,away,rbi,RBIs,rbi_pg,poisson,0.5,0.55,0.57,0.4204,under,low,2026-09-15T21:14:30Z,,,0,,
401817012,2026-09-20,42598,Shea Langeliers,away,runs,Runs Scored,runs_pg,poisson,0.5,0.56,0.58,0.426,under,low,2026-09-15T21:14:30Z,,,0,,
401817012,2026-09-20,42598,Shea Langeliers,away,tb,Total Bases,tb_pg,negbin,1.5,1.9,1.99,0.5199,over,low,2026-09-15T21:14:30Z,,,0,,
401817012,2026-09-20,4414531,Zack Gelof,away,hits,Hits,hits_pg,poisson,0.5,0.85,0.89,0.5733,over,low,2026-09-15T21:14:30Z,,,0,,
401817012,2026-09-20,4414531,Zack Gelof,away,hits2,Hits (2+),hits_pg,poisson,1.5,0.85,0.89,0.2099,under,high,2026-09-15T21:14:30Z,,,0,,
401817012,2026-09-20,4414531,Zack Gelof,away,hr,Home Run,hr_pg,poisson,0.5,0.17,0.18,0.1582,under,high,2026-09-15T21:14:30Z,,,0,,
401817012,2026-09-20,4414531,Zack Gelof,away,rbi,RBIs,rbi_pg,poisson,0.5,0.44,0.46,0.3561,under,med,2026-09-15T21:14:30Z,,,0,,
401817012,2026-09-20,4414531,Zack Gelof,away,sb,Stolen Base,sb_pg,poisson,0.5,0.13,0.14,0.1254,under,high,2026-09-15T21:14:30Z,,,0,,
401817012,2026-09-20,4414531,Zack Gelof,away,tb,Total Bases,tb_pg,negbin,1.5,1.56,1.63,0.4275,under,low,2026-09-15T21:14:30Z,,,0,,
401817012,2026-09-20,4686066,Tyler Soderstrom,away,hits,Hits,hits_pg,poisson,0.5,0.85,0.89,0.5733,over,low,2026-09-15T21:14:30Z,,,0,,
401817012,2026-09-20,4686066,Tyler Soderstrom,away,hits2,Hits (2+),hits_pg,poisson,1.5,0.85,0.89,0.2099,under,high,2026-09-15T21:14:30Z,,,0,,
401817012,2026-09-20,4686066,Tyler Soderstrom,away,hr,Home Run,hr_pg,poisson,0.5,0.16,0.17,0.1501,under,high,2026-09-15T21:14:30Z,,,0,,
401817012,2026-09-20,4686066,Tyler Soderstrom,away,rbi,RBIs,rbi_pg,poisson,0.5,0.49,0.51,0.3862,under,med,2026-09-15T21:14:30Z,,,0,,
401817012,2026-09-20,4686066,Tyler Soderstrom,away,runs,Runs Scored,runs_pg,poisson,0.5,0.51,0.53,0.3978,under,med,2026-09-15T21:14:30Z,,,0,,
401817012,2026-09-20,4686066,Tyler Soderstrom,away,tb,Total Bases,tb_pg,negbin,1.5,1.65,1.72,0.4515,under,low,2026-09-15T21:14:30Z,,,0,,
401817012,2026-09-20,4719300,Jacob Wilson,away,hits,Hits,hits_pg,poisson,0.5,1.01,1.06,0.6374,over,med,2026-09-15T21:14:30Z,,,0,,
401817012,2026-09-20,4719300,Jacob Wilson,away,hits2,Hits (2+),hits_pg,poisson,1.5,1.01,1.06,0.2695,under,high,2026-09-15T21:14:30Z,,,0,,
401817012,2026-09-20,4719300,Jacob Wilson,away,hr,Home Run,hr_pg,poisson,0.5,0.09,0.09,0.0825,under,high,2026-09-15T21:14:30Z,,,0,,
401817012,2026-09-20,4719300,Jacob Wilson,away,rbi,RBIs,rbi_pg,poisson,0.5,0.44,0.46,0.3561,under,med,2026-09-15T21:14:30Z,,,0,,
401817012,2026-09-20,4719300,Jacob Wilson,away,runs,Runs Scored,runs_pg,poisson,0.5,0.44,0.46,0.3561,under,med,2026-09-15T21:14:30Z,,,0,,
401817012,2026-09-20,4719300,Jacob Wilson,away,tb,Total Bases,tb_pg,negbin,1.5,1.48,1.55,0.4056,under,med,2026-09-15T21:14:30Z,,,0,,
401817012,2026-09-20,4966637,Nick Kurtz,away,hits,Hits,hits_pg,poisson,0.5,0.87,0.91,0.5814,over,low,2026-09-15T21:14:30Z,,,0,,
401817012,2026-09-20,4966637,Nick Kurtz,away,hits2,Hits (2+),hits_pg,poisson,1.5,0.87,0.91,0.2169,under,high,2026-09-15T21:14:30Z,,,0,,
401817012,2026-09-20,4966637,Nick Kurtz,away,hr,Home Run,hr_pg,poisson,0.5,0.2,0.21,0.1821,under,high,2026-09-15T21:14:30Z,,,0,,
401817012,2026-09-20,4966637,Nick Kurtz,away,rbi,RBIs,rbi_pg,poisson,0.5,0.67,0.7,0.4882,under,low,2026-09-15T21:14:30Z,,,0,,
401817012,2026-09-20,4966637,Nick Kurtz,away,runs,Runs Scored,runs_pg,poisson,0.5,0.6,0.63,0.4528,under,low,2026-09-15T21:14:30Z,,,0,,
401817012,2026-09-20,4966637,Nick Kurtz,away,tb,Total Bases,tb_pg,negbin,1.5,1.65,1.72,0.4515,under,low,2026-09-15T21:14:30Z,,,0,,
401817012,2026-09-20,5023768,Joshua Kuroda-Grauer,away,hits,Hits,hits_pg,poisson,0.5,1.49,1.56,0.7753,over,high,2026-09-15T21:14:30Z,,,0,,
401817012,2026-09-20,5023768,Joshua Kuroda-Grauer,away,hits2,Hits (2+),hits_pg,poisson,1.5,1.49,1.56,0.4398,under,low,2026-09-15T21:14:30Z,,,0,,
401817012,2026-09-20,5023768,Joshua Kuroda-Grauer,away,hr,Home Run,hr_pg,poisson,0.5,0.06,0.06,0.0558,under,high,2026-09-15T21:14:30Z,,,0,,
401817012,2026-09-20,5023768,Joshua Kuroda-Grauer,away,rbi,RBIs,rbi_pg,poisson,0.5,0.24,0.25,0.2128,under,high,2026-09-15T21:14:30Z,,,0,,
401817012,2026-09-20,5023768,Joshua Kuroda-Grauer,away,runs,Runs Scored,runs_pg,poisson,0.5,0.48,0.5,0.3803,under,med,2026-09-15T21:14:30Z,,,0,,
401817012,2026-09-20,5023768,Joshua Kuroda-Grauer,away,tb,Total Bases,tb_pg,negbin,1.5,2.1,2.19,0.5667,over,low,2026-09-15T21:14:30Z,,,0,,
401817012,2026-09-20,5080756,Henry Bolte,away,hits,Hits,hits_pg,poisson,0.5,0.9,0.94,0.5933,over,med,2026-09-15T21:14:30Z,,,0,,
401817012,2026-09-20,5080756,Henry Bolte,away,hits2,Hits (2+),hits_pg,poisson,1.5,0.9,0.94,0.2274,under,high,2026-09-15T21:14:30Z,,,0,,
401817012,2026-09-20,5080756,Henry Bolte,away,hr,Home Run,hr_pg,poisson,0.5,0.09,0.09,0.0825,under,high,2026-09-15T21:14:30Z,,,0,,
401817012,2026-09-20,5080756,Henry Bolte,away,rbi,RBIs,rbi_pg,poisson,0.5,0.3,0.31,0.2567,under,high,2026-09-15T21:14:30Z,,,0,,
401817012,2026-09-20,5080756,Henry Bolte,away,sb,Stolen Base,sb_pg,poisson,0.5,0.18,0.19,0.1663,under,high,2026-09-15T21:14:30Z,,,0,,
401817012,2026-09-20,5080756,Henry Bolte,away,tb,Total Bases,tb_pg,negbin,1.5,1.3,1.36,0.3521,under,med,2026-09-15T21:14:30Z,,,0,,
401817041,2026-09-22,40926,Brent Rooker,home,hits,Hits,hits_pg,poisson,0.5,0.69,0.75,0.4969,under,low,2026-09-15T21:14:30Z,,,0,,
401817041,2026-09-22,40926,Brent Rooker,home,hr,Home Run,hr_pg,poisson,0.5,0.19,0.21,0.175,under,high,2026-09-15T21:14:30Z,,,0,,
401817041,2026-09-22,40926,Brent Rooker,home,rbi,RBIs,rbi_pg,poisson,0.5,0.55,0.6,0.4228,under,low,2026-09-15T21:14:30Z,,,0,,
401817041,2026-09-22,40926,Brent Rooker,home,runs,Runs Scored,runs_pg,poisson,0.5,0.38,0.42,0.3193,under,high,2026-09-15T21:14:30Z,,,0,,
401817041,2026-09-22,40926,Brent Rooker,home,tb,Total Bases,tb_pg,negbin,1.5,1.34,1.46,0.3628,under,med,2026-09-15T21:14:30Z,,,0,,
401817041,2026-09-22,42598,Shea Langeliers,home,hits,Hits,hits_pg,poisson,0.5,0.97,1.06,0.6213,over,med,2026-09-15T21:14:30Z,,,0,,
401817041,2026-09-22,42598,Shea Langeliers,home,hits2,Hits (2+),hits_pg,poisson,1.5,0.97,1.06,0.2535,under,high,2026-09-15T21:14:30Z,,,0,,
401817041,2026-09-22,42598,Shea Langeliers,home,hr,Home Run,hr_pg,poisson,0.5,0.22,0.24,0.1973,under,high,2026-09-15T21:14:30Z,,,0,,
401817041,2026-09-22,42598,Shea Langeliers,home,rbi,RBIs,rbi_pg,poisson,0.5,0.52,0.57,0.4067,under,med,2026-09-15T21:14:30Z,,,0,,
401817041,2026-09-22,42598,Shea Langeliers,home,runs,Runs Scored,runs_pg,poisson,0.5,0.53,0.58,0.4121,under,low,2026-09-15T21:14:30Z,,,0,,
401817041,2026-09-22,42598,Shea Langeliers,home,tb,Total Bases,tb_pg,negbin,1.5,1.82,1.99,0.4989,under,low,2026-09-15T21:14:30Z,,,0,,
401817041,2026-09-22,4414531,Zack Gelof,home,hits,Hits,hits_pg,poisson,0.5,0.82,0.89,0.5574,over,low,2026-09-15T21:14:30Z,,,0,,
401817041,2026-09-22,4414531,Zack Gelof,home,hits2,Hits (2+),hits_pg,poisson,1.5,0.82,0.89,0.1967,under,high,2026-09-15T21:14:30Z,,,0,,
401817041,2026-09-22,4414531,Zack Gelof,home,hr,Home Run,hr_pg,poisson,0.5,0.16,0.18,0.152,under,high,2026-09-15T21:14:30Z,,,0,,
401817041,2026-09-22,4414531,Zack Gelof,home,rbi,RBIs,rbi_pg,poisson,0.5,0.42,0.46,0.3438,under,med,2026-09-15T21:14:30Z,,,0,,
401817041,2026-09-22,4414531,Zack Gelof,home,sb,Stolen Base,sb_pg,poisson,0.5,0.13,0.14,0.1204,under,high,2026-09-15T21:14:30Z,,,0,,
401817041,2026-09-22,4414531,Zack Gelof,home,tb,Total Bases,tb_pg,negbin,1.5,1.49,1.63,0.4084,under,med,2026-09-15T21:14:30Z,,,0,,
401817041,2026-09-22,4686066,Tyler Soderstrom,home,hits,Hits,hits_pg,poisson,0.5,0.82,0.89,0.5574,over,low,2026-09-15T21:14:30Z,,,0,,
401817041,2026-09-22,4686066,Tyler Soderstrom,home,hits2,Hits (2+),hits_pg,poisson,1.5,0.82,0.89,0.1967,under,high,2026-09-15T21:14:30Z,,,0,,
401817041,2026-09-22,4686066,Tyler Soderstrom,home,hr,Home Run,hr_pg,poisson,0.5,0.16,0.17,0.1442,under,high,2026-09-15T21:14:30Z,,,0,,
401817041,2026-09-22,4686066,Tyler Soderstrom,home,rbi,RBIs,rbi_pg,poisson,0.5,0.47,0.51,0.3732,under,med,2026-09-15T21:14:30Z,,,0,,
401817041,2026-09-22,4686066,Tyler Soderstrom,home,runs,Runs Scored,runs_pg,poisson,0.5,0.49,0.53,0.3846,under,med,2026-09-15T21:14:30Z,,,0,,
401817041,2026-09-22,4686066,Tyler Soderstrom,home,tb,Total Bases,tb_pg,negbin,1.5,1.58,1.72,0.4318,under,low,2026-09-15T21:14:30Z,,,0,,
401817041,2026-09-22,4719300,Jacob Wilson,home,hits,Hits,hits_pg,poisson,0.5,0.97,1.06,0.6213,over,med,2026-09-15T21:14:30Z,,,0,,
401817041,2026-09-22,4719300,Jacob Wilson,home,hits2,Hits (2+),hits_pg,poisson,1.5,0.97,1.06,0.2535,under,high,2026-09-15T21:14:30Z,,,0,,
401817041,2026-09-22,4719300,Jacob Wilson,home,hr,Home Run,hr_pg,poisson,0.5,0.08,0.09,0.0791,under,high,2026-09-15T21:14:30Z,,,0,,
401817041,2026-09-22,4719300,Jacob Wilson,home,rbi,RBIs,rbi_pg,poisson,0.5,0.42,0.46,0.3438,under,med,2026-09-15T21:14:30Z,,,0,,
401817041,2026-09-22,4719300,Jacob Wilson,home,runs,Runs Scored,runs_pg,poisson,0.5,0.42,0.46,0.3438,under,med,2026-09-15T21:14:30Z,,,0,,
401817041,2026-09-22,4719300,Jacob Wilson,home,tb,Total Bases,tb_pg,negbin,1.5,1.42,1.55,0.3871,under,med,2026-09-15T21:14:30Z,,,0,,
401817041,2026-09-22,4966637,Nick Kurtz,home,hits,Hits,hits_pg,poisson,0.5,0.83,0.91,0.5655,over,low,2026-09-15T21:14:30Z,,,0,,
401817041,2026-09-22,4966637,Nick Kurtz,home,hits2,Hits (2+),hits_pg,poisson,1.5,0.83,0.91,0.2033,under,high,2026-09-15T21:14:30Z,,,0,,
401817041,2026-09-22,4966637,Nick Kurtz,home,hr,Home Run,hr_pg,poisson,0.5,0.19,0.21,0.175,under,high,2026-09-15T21:14:30Z,,,0,,
401817041,2026-09-22,4966637,Nick Kurtz,home,rbi,RBIs,rbi_pg,poisson,0.5,0.64,0.7,0.4733,under,low,2026-09-15T21:14:30Z,,,0,,
401817041,2026-09-22,4966637,Nick Kurtz,home,runs,Runs Scored,runs_pg,poisson,0.5,0.58,0.63,0.4384,under,low,2026-09-15T21:14:30Z,,,0,,
401817041,2026-09-22,4966637,Nick Kurtz,home,tb,Total Bases,tb_pg,negbin,1.5,1.58,1.72,0.4318,under,low,2026-09-15T21:14:30Z,,,0,,
401817041,2026-09-22,5023768,Joshua Kuroda-Grauer,home,hits,Hits,hits_pg,poisson,0.5,1.43,1.56,0.7604,over,high,2026-09-15T21:14:30Z,,,0,,
401817041,2026-09-22,5023768,Joshua Kuroda-Grauer,home,hits2,Hits (2+),hits_pg,poisson,1.5,1.43,1.56,0.4181,under,low,2026-09-15T21:14:30Z,,,0,,
401817041,2026-09-22,5023768,Joshua Kuroda-Grauer,home,hr,Home Run,hr_pg,poisson,0.5,0.05,0.06,0.0535,under,high,2026-09-15T21:14:30Z,,,0,,
401817041,2026-09-22,5023768,Joshua Kuroda-Grauer,home,rbi,RBIs,rbi_pg,poisson,0.5,0.23,0.25,0.2047,under,high,2026-09-15T21:14:30Z,,,0,,
401817041,2026-09-22,5023768,Joshua Kuroda-Grauer,home,runs,Runs Scored,runs_pg,poisson,0.5,0.46,0.5,0.3674,under,med,2026-09-15T21:14:30Z,,,0,,
401817041,2026-09-22,5023768,Joshua Kuroda-Grauer,home,tb,Total Bases,tb_pg,negbin,1.5,2.01,2.19,0.5451,over,low,2026-09-15T21:14:30Z,,,0,,
401817041,2026-09-22,5080756,Henry Bolte,home,hits,Hits,hits_pg,poisson,0.5,0.86,0.94,0.5773,over,low,2026-09-15T21:14:30Z,,,0,,
401817041,2026-09-22,5080756,Henry Bolte,home,hits2,Hits (2+),hits_pg,poisson,1.5,0.86,0.94,0.2133,under,high,2026-09-15T21:14:30Z,,,0,,
401817041,2026-09-22,5080756,Henry Bolte,home,hr,Home Run,hr_pg,poisson,0.5,0.08,0.09,0.0791,under,high,2026-09-15T21:14:30Z,,,0,,
401817041,2026-09-22,5080756,Henry Bolte,home,rbi,RBIs,rbi_pg,poisson,0.5,0.28,0.31,0.2472,under,high,2026-09-15T21:14:30Z,,,0,,
401817041,2026-09-22,5080756,Henry Bolte,home,sb,Stolen Base,sb_pg,poisson,0.5,0.17,0.19,0.1597,under,high,2026-09-15T21:14:30Z,,,0,,
401817041,2026-09-22,5080756,Henry Bolte,home,tb,Total Bases,tb_pg,negbin,1.5,1.25,1.36,0.3353,under,med,2026-09-15T21:14:30Z,,,0,,
401817056,2026-09-23,40926,Brent Rooker,home,hits,Hits,hits_pg,poisson,0.5,0.69,0.75,0.4969,under,low,2026-09-15T21:14:30Z,,,0,,
401817056,2026-09-23,40926,Brent Rooker,home,hr,Home Run,hr_pg,poisson,0.5,0.19,0.21,0.175,under,high,2026-09-15T21:14:30Z,,,0,,
401817056,2026-09-23,40926,Brent Rooker,home,rbi,RBIs,rbi_pg,poisson,0.5,0.55,0.6,0.4228,under,low,2026-09-15T21:14:30Z,,,0,,
401817056,2026-09-23,40926,Brent Rooker,home,runs,Runs Scored,runs_pg,poisson,0.5,0.38,0.42,0.3193,under,high,2026-09-15T21:14:30Z,,,0,,
401817056,2026-09-23,40926,Brent Rooker,home,tb,Total Bases,tb_pg,negbin,1.5,1.34,1.46,0.3628,under,med,2026-09-15T21:14:30Z,,,0,,
401817056,2026-09-23,42598,Shea Langeliers,home,hits,Hits,hits_pg,poisson,0.5,0.97,1.06,0.6213,over,med,2026-09-15T21:14:30Z,,,0,,
401817056,2026-09-23,42598,Shea Langeliers,home,hits2,Hits (2+),hits_pg,poisson,1.5,0.97,1.06,0.2535,under,high,2026-09-15T21:14:30Z,,,0,,
401817056,2026-09-23,42598,Shea Langeliers,home,hr,Home Run,hr_pg,poisson,0.5,0.22,0.24,0.1973,under,high,2026-09-15T21:14:30Z,,,0,,
401817056,2026-09-23,42598,Shea Langeliers,home,rbi,RBIs,rbi_pg,poisson,0.5,0.52,0.57,0.4067,under,med,2026-09-15T21:14:30Z,,,0,,
401817056,2026-09-23,42598,Shea Langeliers,home,runs,Runs Scored,runs_pg,poisson,0.5,0.53,0.58,0.4121,under,low,2026-09-15T21:14:30Z,,,0,,
401817056,2026-09-23,42598,Shea Langeliers,home,tb,Total Bases,tb_pg,negbin,1.5,1.82,1.99,0.4989,under,low,2026-09-15T21:14:30Z,,,0,,
401817056,2026-09-23,4414531,Zack Gelof,home,hits,Hits,hits_pg,poisson,0.5,0.82,0.89,0.5574,over,low,2026-09-15T21:14:30Z,,,0,,
401817056,2026-09-23,4414531,Zack Gelof,home,hits2,Hits (2+),hits_pg,poisson,1.5,0.82,0.89,0.1967,under,high,2026-09-15T21:14:30Z,,,0,,
401817056,2026-09-23,4414531,Zack Gelof,home,hr,Home Run,hr_pg,poisson,0.5,0.16,0.18,0.152,under,high,2026-09-15T21:14:30Z,,,0,,
401817056,2026-09-23,4414531,Zack Gelof,home,rbi,RBIs,rbi_pg,poisson,0.5,0.42,0.46,0.3438,under,med,2026-09-15T21:14:30Z,,,0,,
401817056,2026-09-23,4414531,Zack Gelof,home,sb,Stolen Base,sb_pg,poisson,0.5,0.13,0.14,0.1204,under,high,2026-09-15T21:14:30Z,,,0,,
401817056,2026-09-23,4414531,Zack Gelof,home,tb,Total Bases,tb_pg,negbin,1.5,1.49,1.63,0.4084,under,med,2026-09-15T21:14:30Z,,,0,,
401817056,2026-09-23,4686066,Tyler Soderstrom,home,hits,Hits,hits_pg,poisson,0.5,0.82,0.89,0.5574,over,low,2026-09-15T21:14:30Z,,,0,,
401817056,2026-09-23,4686066,Tyler Soderstrom,home,hits2,Hits (2+),hits_pg,poisson,1.5,0.82,0.89,0.1967,under,high,2026-09-15T21:14:30Z,,,0,,
401817056,2026-09-23,4686066,Tyler Soderstrom,home,hr,Home Run,hr_pg,poisson,0.5,0.16,0.17,0.1442,under,high,2026-09-15T21:14:30Z,,,0,,
401817056,2026-09-23,4686066,Tyler Soderstrom,home,rbi,RBIs,rbi_pg,poisson,0.5,0.47,0.51,0.3732,under,med,2026-09-15T21:14:30Z,,,0,,
401817056,2026-09-23,4686066,Tyler Soderstrom,home,runs,Runs Scored,runs_pg,poisson,0.5,0.49,0.53,0.3846,under,med,2026-09-15T21:14:30Z,,,0,,
401817056,2026-09-23,4686066,Tyler Soderstrom,home,tb,Total Bases,tb_pg,negbin,1.5,1.58,1.72,0.4318,under,low,2026-09-15T21:14:30Z,,,0,,
401817056,2026-09-23,4719300,Jacob Wilson,home,hits,Hits,hits_pg,poisson,0.5,0.97,1.06,0.6213,over,med,2026-09-15T21:14:30Z,,,0,,
401817056,2026-09-23,4719300,Jacob Wilson,home,hits2,Hits (2+),hits_pg,poisson,1.5,0.97,1.06,0.2535,under,high,2026-09-15T21:14:30Z,,,0,,
401817056,2026-09-23,4719300,Jacob Wilson,home,hr,Home Run,hr_pg,poisson,0.5,0.08,0.09,0.0791,under,high,2026-09-15T21:14:30Z,,,0,,
401817056,2026-09-23,4719300,Jacob Wilson,home,rbi,RBIs,rbi_pg,poisson,0.5,0.42,0.46,0.3438,under,med,2026-09-15T21:14:30Z,,,0,,
401817056,2026-09-23,4719300,Jacob Wilson,home,runs,Runs Scored,runs_pg,poisson,0.5,0.42,0.46,0.3438,under,med,2026-09-15T21:14:30Z,,,0,,
401817056,2026-09-23,4719300,Jacob Wilson,home,tb,Total Bases,tb_pg,negbin,1.5,1.42,1.55,0.3871,under,med,2026-09-15T21:14:30Z,,,0,,
401817056,2026-09-23,4966637,Nick Kurtz,home,hits,Hits,hits_pg,poisson,0.5,0.83,0.91,0.5655,over,low,2026-09-15T21:14:30Z,,,0,,
401817056,2026-09-23,4966637,Nick Kurtz,home,hits2,Hits (2+),hits_pg,poisson,1.5,0.83,0.91,0.2033,under,high,2026-09-15T21:14:30Z,,,0,,
401817056,2026-09-23,4966637,Nick Kurtz,home,hr,Home Run,hr_pg,poisson,0.5,0.19,0.21,0.175,under,high,2026-09-15T21:14:30Z,,,0,,
401817056,2026-09-23,4966637,Nick Kurtz,home,rbi,RBIs,rbi_pg,poisson,0.5,0.64,0.7,0.4733,under,low,2026-09-15T21:14:30Z,,,0,,
401817056,2026-09-23,4966637,Nick Kurtz,home,runs,Runs Scored,runs_pg,poisson,0.5,0.58,0.63,0.4384,under,low,2026-09-15T21:14:30Z,,,0,,
401817056,2026-09-23,4966637,Nick Kurtz,home,tb,Total Bases,tb_pg,negbin,1.5,1.58,1.72,0.4318,under,low,2026-09-15T21:14:30Z,,,0,,
401817056,2026-09-23,5023768,Joshua Kuroda-Grauer,home,hits,Hits,hits_pg,poisson,0.5,1.43,1.56,0.7604,over,high,2026-09-15T21:14:30Z,,,0,,
401817056,2026-09-23,5023768,Joshua Kuroda-Grauer,home,hits2,Hits (2+),hits_pg,poisson,1.5,1.43,1.56,0.4181,under,low,2026-09-15T21:14:30Z,,,0,,
401817056,2026-09-23,5023768,Joshua Kuroda-Grauer,home,hr,Home Run,hr_pg,poisson,0.5,0.05,0.06,0.0535,under,high,2026-09-15T21:14:30Z,,,0,,
401817056,2026-09-23,5023768,Joshua Kuroda-Grauer,home,rbi,RBIs,rbi_pg,poisson,0.5,0.23,0.25,0.2047,under,high,2026-09-15T21:14:30Z,,,0,,
401817056,2026-09-23,5023768,Joshua Kuroda-Grauer,home,runs,Runs Scored,runs_pg,poisson,0.5,0.46,0.5,0.3674,under,med,2026-09-15T21:14:30Z,,,0,,
401817056,2026-09-23,5023768,Joshua Kuroda-Grauer,home,tb,Total Bases,tb_pg,negbin,1.5,2.01,2.19,0.5451,over,low,2026-09-15T21:14:30Z,,,0,,
401817056,2026-09-23,5080756,Henry Bolte,home,hits,Hits,hits_pg,poisson,0.5,0.86,0.94,0.5773,over,low,2026-09-15T21:14:30Z,,,0,,
401817056,2026-09-23,5080756,Henry Bolte,home,hits2,Hits (2+),hits_pg,poisson,1.5,0.86,0.94,0.2133,under,high,2026-09-15T21:14:30Z,,,0,,
401817056,2026-09-23,5080756,Henry Bolte,home,hr,Home Run,hr_pg,poisson,0.5,0.08,0.09,0.0791,under,high,2026-09-15T21:14:30Z,,,0,,
401817056,2026-09-23,5080756,Henry Bolte,home,rbi,RBIs,rbi_pg,poisson,0.5,0.28,0.31,0.2472,under,high,2026-09-15T21:14:30Z,,,0,,
401817056,2026-09-23,5080756,Henry Bolte,home,sb,Stolen Base,sb_pg,poisson,0.5,0.17,0.19,0.1597,under,high,2026-09-15T21:14:30Z,,,0,,
401817056,2026-09-23,5080756,Henry Bolte,home,tb,Total Bases,tb_pg,negbin,1.5,1.25,1.36,0.3353,under,med,2026-09-15T21:14:30Z,,,0,,
401817070,2026-09-24,40926,Brent Rooker,home,hits,Hits,hits_pg,poisson,0.5,0.73,0.75,0.5177,over,low,2026-09-15T21:14:30Z,,,0,,
401817070,2026-09-24,40926,Brent Rooker,home,hits2,Hits (2+),hits_pg,poisson,1.5,0.73,0.75,0.166,under,high,2026-09-15T21:14:30Z,,,0,,
401817070,2026-09-24,40926,Brent Rooker,home,hr,Home Run,hr_pg,poisson,0.5,0.2,0.21,0.1847,under,high,2026-09-15T21:14:30Z,,,0,,
401817070,2026-09-24,40926,Brent Rooker,home,rbi,RBIs,rbi_pg,poisson,0.5,0.58,0.6,0.442,under,low,2026-09-15T21:14:30Z,,,0,,
401817070,2026-09-24,40926,Brent Rooker,home,runs,Runs Scored,runs_pg,poisson,0.5,0.41,0.42,0.3353,under,med,2026-09-15T21:14:30Z,,,0,,
401817070,2026-09-24,40926,Brent Rooker,home,tb,Total Bases,tb_pg,negbin,1.5,1.42,1.46,0.3871,under,med,2026-09-15T21:14:30Z,,,0,,
401817070,2026-09-24,42598,Shea Langeliers,home,hits,Hits,hits_pg,poisson,0.5,1.03,1.06,0.6432,over,med,2026-09-15T21:14:30Z,,,0,,
401817070,2026-09-24,42598,Shea Langeliers,home,hits2,Hits (2+),hits_pg,poisson,1.5,1.03,1.06,0.2755,under,high,2026-09-15T21:14:30Z,,,0,,
401817070,2026-09-24,42598,Shea Langeliers,home,hr,Home Run,hr_pg,poisson,0.5,0.23,0.24,0.2081,under,high,2026-09-15T21:14:30Z,,,0,,
401817070,2026-09-24,42598,Shea Langeliers,home,rbi,RBIs,rbi_pg,poisson,0.5,0.55,0.57,0.4255,under,low,2026-09-15T21:14:30Z,,,0,,
401817070,2026-09-24,42598,Shea Langeliers,home,runs,Runs Scored,runs_pg,poisson,0.5,0.56,0.58,0.431,under,low,2026-09-15T21:14:30Z,,,0,,
401817070,2026-09-24,42598,Shea Langeliers,home,tb,Total Bases,tb_pg,negbin,1.5,1.93,1.99,0.5276,over,low,2026-09-15T21:14:30Z,,,0,,
401817070,2026-09-24,4414531,Zack Gelof,home,hits,Hits,hits_pg,poisson,0.5,0.87,0.89,0.5791,over,low,2026-09-15T21:14:30Z,,,0,,
401817070,2026-09-24,4414531,Zack Gelof,home,hits2,Hits (2+),hits_pg,poisson,1.5,0.87,0.89,0.2149,under,high,2026-09-15T21:14:30Z,,,0,,
401817070,2026-09-24,4414531,Zack Gelof,home,hr,Home Run,hr_pg,poisson,0.5,0.18,0.18,0.1606,under,high,2026-09-15T21:14:30Z,,,0,,
401817070,2026-09-24,4414531,Zack Gelof,home,rbi,RBIs,rbi_pg,poisson,0.5,0.45,0.46,0.3606,under,med,2026-09-15T21:14:30Z,,,0,,
401817070,2026-09-24,4414531,Zack Gelof,home,sb,Stolen Base,sb_pg,poisson,0.5,0.14,0.14,0.1273,under,high,2026-09-15T21:14:30Z,,,0,,
401817070,2026-09-24,4414531,Zack Gelof,home,tb,Total Bases,tb_pg,negbin,1.5,1.58,1.63,0.4345,under,low,2026-09-15T21:14:30Z,,,0,,
401817070,2026-09-24,4686066,Tyler Soderstrom,home,hits,Hits,hits_pg,poisson,0.5,0.87,0.89,0.5791,over,low,2026-09-15T21:14:30Z,,,0,,
401817070,2026-09-24,4686066,Tyler Soderstrom,home,hits2,Hits (2+),hits_pg,poisson,1.5,0.87,0.89,0.2149,under,high,2026-09-15T21:14:30Z,,,0,,
401817070,2026-09-24,4686066,Tyler Soderstrom,home,hr,Home Run,hr_pg,poisson,0.5,0.17,0.17,0.1524,under,high,2026-09-15T21:14:30Z,,,0,,
401817070,2026-09-24,4686066,Tyler Soderstrom,home,rbi,RBIs,rbi_pg,poisson,0.5,0.5,0.51,0.391,under,med,2026-09-15T21:14:30Z,,,0,,
401817070,2026-09-24,4686066,Tyler Soderstrom,home,runs,Runs Scored,runs_pg,poisson,0.5,0.52,0.53,0.4027,under,med,2026-09-15T21:14:30Z,,,0,,
401817070,2026-09-24,4686066,Tyler Soderstrom,home,tb,Total Bases,tb_pg,negbin,1.5,1.67,1.72,0.4587,under,low,2026-09-15T21:14:30Z,,,0,,
401817070,2026-09-24,4719300,Jacob Wilson,home,hits,Hits,hits_pg,poisson,0.5,1.03,1.06,0.6432,over,med,2026-09-15T21:14:30Z,,,0,,
401817070,2026-09-24,4719300,Jacob Wilson,home,hits2,Hits (2+),hits_pg,poisson,1.5,1.03,1.06,0.2755,under,high,2026-09-15T21:14:30Z,,,0,,
401817070,2026-09-24,4719300,Jacob Wilson,home,hr,Home Run,hr_pg,poisson,0.5,0.09,0.09,0.0838,under,high,2026-09-15T21:14:30Z,,,0,,
401817070,2026-09-24,4719300,Jacob Wilson,home,rbi,RBIs,rbi_pg,poisson,0.5,0.45,0.46,0.3606,under,med,2026-09-15T21:14:30Z,,,0,,
401817070,2026-09-24,4719300,Jacob Wilson,home,runs,Runs Scored,runs_pg,poisson,0.5,0.45,0.46,0.3606,under,med,2026-09-15T21:14:30Z,,,0,,
401817070,2026-09-24,4719300,Jacob Wilson,home,tb,Total Bases,tb_pg,negbin,1.5,1.51,1.55,0.4124,under,low,2026-09-15T21:14:30Z,,,0,,
401817070,2026-09-24,4966637,Nick Kurtz,home,hits,Hits,hits_pg,poisson,0.5,0.88,0.91,0.5872,over,low,2026-09-15T21:14:30Z,,,0,,
401817070,2026-09-24,4966637,Nick Kurtz,home,hits2,Hits (2+),hits_pg,poisson,1.5,0.88,0.91,0.222,under,high,2026-09-15T21:14:30Z,,,0,,
401817070,2026-09-24,4966637,Nick Kurtz,home,hr,Home Run,hr_pg,poisson,0.5,0.2,0.21,0.1847,under,high,2026-09-15T21:14:30Z,,,0,,
401817070,2026-09-24,4966637,Nick Kurtz,home,rbi,RBIs,rbi_pg,poisson,0.5,0.68,0.7,0.4937,under,low,2026-09-15T21:14:30Z,,,0,,
401817070,2026-09-24,4966637,Nick Kurtz,home,runs,Runs Scored,runs_pg,poisson,0.5,0.61,0.63,0.458,under,low,2026-09-15T21:14:30Z,,,0,,
401817070,2026-09-24,4966637,Nick Kurtz,home,tb,Total Bases,tb_pg,negbin,1.5,1.67,1.72,0.4587,under,low,2026-09-15T21:14:30Z,,,0,,
401817070,2026-09-24,5023768,Joshua Kuroda-Grauer,home,hits,Hits,hits_pg,poisson,0.5,1.52,1.56,0.7806,over,high,2026-09-15T21:14:30Z,,,0,,
401817070,2026-09-24,5023768,Joshua Kuroda-Grauer,home,hits2,Hits (2+),hits_pg,poisson,1.5,1.52,1.56,0.4478,under,low,2026-09-15T21:14:30Z,,,0,,
401817070,2026-09-24,5023768,Joshua Kuroda-Grauer,home,hr,Home Run,hr_pg,poisson,0.5,0.06,0.06,0.0567,under,high,2026-09-15T21:14:30Z,,,0,,
401817070,2026-09-24,5023768,Joshua Kuroda-Grauer,home,rbi,RBIs,rbi_pg,poisson,0.5,0.24,0.25,0.2158,under,high,2026-09-15T21:14:30Z,,,0,,
401817070,2026-09-24,5023768,Joshua Kuroda-Grauer,home,runs,Runs Scored,runs_pg,poisson,0.5,0.49,0.5,0.385,under,med,2026-09-15T21:14:30Z,,,0,,
401817070,2026-09-24,5023768,Joshua Kuroda-Grauer,home,tb,Total Bases,tb_pg,negbin,1.5,2.13,2.19,0.5745,over,low,2026-09-15T21:14:30Z,,,0,,
401817070,2026-09-24,5080756,Henry Bolte,home,hits,Hits,hits_pg,poisson,0.5,0.91,0.94,0.5991,over,med,2026-09-15T21:14:30Z,,,0,,
401817070,2026-09-24,5080756,Henry Bolte,home,hits2,Hits (2+),hits_pg,poisson,1.5,0.91,0.94,0.2326,under,high,2026-09-15T21:14:30Z,,,0,,
401817070,2026-09-24,5080756,Henry Bolte,home,hr,Home Run,hr_pg,poisson,0.5,0.09,0.09,0.0838,under,high,2026-09-15T21:14:30Z,,,0,,
401817070,2026-09-24,5080756,Henry Bolte,home,rbi,RBIs,rbi_pg,poisson,0.5,0.3,0.31,0.2602,under,high,2026-09-15T21:14:30Z,,,0,,
401817070,2026-09-24,5080756,Henry Bolte,home,sb,Stolen Base,sb_pg,poisson,0.5,0.18,0.19,0.1687,under,high,2026-09-15T21:14:30Z,,,0,,
401817070,2026-09-24,5080756,Henry Bolte,home,tb,Total Bases,tb_pg,negbin,1.5,1.32,1.36,0.3584,under,med,2026-09-15T21:14:30Z,,,0,,
401817085,2026-09-25,40926,Brent Rooker,home,hits,Hits,hits_pg,poisson,0.5,0.73,0.75,0.5177,over,low,2026-09-15T21:14:30Z,,,0,,
401817085,2026-09-25,40926,Brent Rooker,home,hits2,Hits (2+),hits_pg,poisson,1.5,0.73,0.75,0.166,under,high,2026-09-15T21:14:30Z,,,0,,
401817085,2026-09-25,40926,Brent Rooker,home,hr,Home Run,hr_pg,poisson,0.5,0.2,0.21,0.1847,under,high,2026-09-15T21:14:30Z,,,0,,
401817085,2026-09-25,40926,Brent Rooker,home,rbi,RBIs,rbi_pg,poisson,0.5,0.58,0.6,0.442,under,low,2026-09-15T21:14:30Z,,,0,,
401817085,2026-09-25,40926,Brent Rooker,home,runs,Runs Scored,runs_pg,poisson,0.5,0.41,0.42,0.3353,under,med,2026-09-15T21:14:30Z,,,0,,
401817085,2026-09-25,40926,Brent Rooker,home,tb,Total Bases,tb_pg,negbin,1.5,1.42,1.46,0.3871,under,med,2026-09-15T21:14:30Z,,,0,,
401817085,2026-09-25,42598,Shea Langeliers,home,hits,Hits,hits_pg,poisson,0.5,1.03,1.06,0.6432,over,med,2026-09-15T21:14:30Z,,,0,,
401817085,2026-09-25,42598,Shea Langeliers,home,hits2,Hits (2+),hits_pg,poisson,1.5,1.03,1.06,0.2755,under,high,2026-09-15T21:14:30Z,,,0,,
401817085,2026-09-25,42598,Shea Langeliers,home,hr,Home Run,hr_pg,poisson,0.5,0.23,0.24,0.2081,under,high,2026-09-15T21:14:30Z,,,0,,
401817085,2026-09-25,42598,Shea Langeliers,home,rbi,RBIs,rbi_pg,poisson,0.5,0.55,0.57,0.4255,under,low,2026-09-15T21:14:30Z,,,0,,
401817085,2026-09-25,42598,Shea Langeliers,home,runs,Runs Scored,runs_pg,poisson,0.5,0.56,0.58,0.431,under,low,2026-09-15T21:14:30Z,,,0,,
401817085,2026-09-25,42598,Shea Langeliers,home,tb,Total Bases,tb_pg,negbin,1.5,1.93,1.99,0.5276,over,low,2026-09-15T21:14:30Z,,,0,,
401817085,2026-09-25,4414531,Zack Gelof,home,hits,Hits,hits_pg,poisson,0.5,0.87,0.89,0.5791,over,low,2026-09-15T21:14:30Z,,,0,,
401817085,2026-09-25,4414531,Zack Gelof,home,hits2,Hits (2+),hits_pg,poisson,1.5,0.87,0.89,0.2149,under,high,2026-09-15T21:14:30Z,,,0,,
401817085,2026-09-25,4414531,Zack Gelof,home,hr,Home Run,hr_pg,poisson,0.5,0.18,0.18,0.1606,under,high,2026-09-15T21:14:30Z,,,0,,
401817085,2026-09-25,4414531,Zack Gelof,home,rbi,RBIs,rbi_pg,poisson,0.5,0.45,0.46,0.3606,under,med,2026-09-15T21:14:30Z,,,0,,
401817085,2026-09-25,4414531,Zack Gelof,home,sb,Stolen Base,sb_pg,poisson,0.5,0.14,0.14,0.1273,under,high,2026-09-15T21:14:30Z,,,0,,
401817085,2026-09-25,4414531,Zack Gelof,home,tb,Total Bases,tb_pg,negbin,1.5,1.58,1.63,0.4345,under,low,2026-09-15T21:14:30Z,,,0,,
401817085,2026-09-25,4686066,Tyler Soderstrom,home,hits,Hits,hits_pg,poisson,0.5,0.87,0.89,0.5791,over,low,2026-09-15T21:14:30Z,,,0,,
401817085,2026-09-25,4686066,Tyler Soderstrom,home,hits2,Hits (2+),hits_pg,poisson,1.5,0.87,0.89,0.2149,under,high,2026-09-15T21:14:30Z,,,0,,
401817085,2026-09-25,4686066,Tyler Soderstrom,home,hr,Home Run,hr_pg,poisson,0.5,0.17,0.17,0.1524,under,high,2026-09-15T21:14:30Z,,,0,,
401817085,2026-09-25,4686066,Tyler Soderstrom,home,rbi,RBIs,rbi_pg,poisson,0.5,0.5,0.51,0.391,under,med,2026-09-15T21:14:30Z,,,0,,
401817085,2026-09-25,4686066,Tyler Soderstrom,home,runs,Runs Scored,runs_pg,poisson,0.5,0.52,0.53,0.4027,under,med,2026-09-15T21:14:30Z,,,0,,
401817085,2026-09-25,4686066,Tyler Soderstrom,home,tb,Total Bases,tb_pg,negbin,1.5,1.67,1.72,0.4587,under,low,2026-09-15T21:14:30Z,,,0,,
401817085,2026-09-25,4719300,Jacob Wilson,home,hits,Hits,hits_pg,poisson,0.5,1.03,1.06,0.6432,over,med,2026-09-15T21:14:30Z,,,0,,
401817085,2026-09-25,4719300,Jacob Wilson,home,hits2,Hits (2+),hits_pg,poisson,1.5,1.03,1.06,0.2755,under,high,2026-09-15T21:14:30Z,,,0,,
401817085,2026-09-25,4719300,Jacob Wilson,home,hr,Home Run,hr_pg,poisson,0.5,0.09,0.09,0.0838,under,high,2026-09-15T21:14:30Z,,,0,,
401817085,2026-09-25,4719300,Jacob Wilson,home,rbi,RBIs,rbi_pg,poisson,0.5,0.45,0.46,0.3606,under,med,2026-09-15T21:14:30Z,,,0,,
401817085,2026-09-25,4719300,Jacob Wilson,home,runs,Runs Scored,runs_pg,poisson,0.5,0.45,0.46,0.3606,under,med,2026-09-15T21:14:30Z,,,0,,
401817085,2026-09-25,4719300,Jacob Wilson,home,tb,Total Bases,tb_pg,negbin,1.5,1.51,1.55,0.4124,under,low,2026-09-15T21:14:30Z,,,0,,
401817085,2026-09-25,4966637,Nick Kurtz,home,hits,Hits,hits_pg,poisson,0.5,0.88,0.91,0.5872,over,low,2026-09-15T21:14:30Z,,,0,,
401817085,2026-09-25,4966637,Nick Kurtz,home,hits2,Hits (2+),hits_pg,poisson,1.5,0.88,0.91,0.222,under,high,2026-09-15T21:14:30Z,,,0,,
401817085,2026-09-25,4966637,Nick Kurtz,home,hr,Home Run,hr_pg,poisson,0.5,0.2,0.21,0.1847,under,high,2026-09-15T21:14:30Z,,,0,,
401817085,2026-09-25,4966637,Nick Kurtz,home,rbi,RBIs,rbi_pg,poisson,0.5,0.68,0.7,0.4937,under,low,2026-09-15T21:14:30Z,,,0,,
401817085,2026-09-25,4966637,Nick Kurtz,home,runs,Runs Scored,runs_pg,poisson,0.5,0.61,0.63,0.458,under,low,2026-09-15T21:14:30Z,,,0,,
401817085,2026-09-25,4966637,Nick Kurtz,home,tb,Total Bases,tb_pg,negbin,1.5,1.67,1.72,0.4587,under,low,2026-09-15T21:14:30Z,,,0,,
401817085,2026-09-25,5023768,Joshua Kuroda-Grauer,home,hits,Hits,hits_pg,poisson,0.5,1.52,1.56,0.7806,over,high,2026-09-15T21:14:30Z,,,0,,
401817085,2026-09-25,5023768,Joshua Kuroda-Grauer,home,hits2,Hits (2+),hits_pg,poisson,1.5,1.52,1.56,0.4478,under,low,2026-09-15T21:14:30Z,,,0,,
401817085,2026-09-25,5023768,Joshua Kuroda-Grauer,home,hr,Home Run,hr_pg,poisson,0.5,0.06,0.06,0.0567,under,high,2026-09-15T21:14:30Z,,,0,,
401817085,2026-09-25,5023768,Joshua Kuroda-Grauer,home,rbi,RBIs,rbi_pg,poisson,0.5,0.24,0.25,0.2158,under,high,2026-09-15T21:14:30Z,,,0,,
401817085,2026-09-25,5023768,Joshua Kuroda-Grauer,home,runs,Runs Scored,runs_pg,poisson,0.5,0.49,0.5,0.385,under,med,2026-09-15T21:14:30Z,,,0,,
401817085,2026-09-25,5023768,Joshua Kuroda-Grauer,home,tb,Total Bases,tb_pg,negbin,1.5,2.13,2.19,0.5745,over,low,2026-09-15T21:14:30Z,,,0,,
401817085,2026-09-25,5080756,Henry Bolte,home,hits,Hits,hits_pg,poisson,0.5,0.91,0.94,0.5991,over,med,2026-09-15T21:14:30Z,,,0,,
401817085,2026-09-25,5080756,Henry Bolte,home,hits2,Hits (2+),hits_pg,poisson,1.5,0.91,0.94,0.2326,under,high,2026-09-15T21:14:30Z,,,0,,
401817085,2026-09-25,5080756,Henry Bolte,home,hr,Home Run,hr_pg,poisson,0.5,0.09,0.09,0.0838,under,high,2026-09-15T21:14:30Z,,,0,,
401817085,2026-09-25,5080756,Henry Bolte,home,rbi,RBIs,rbi_pg,poisson,0.5,0.3,0.31,0.2602,under,high,2026-09-15T21:14:30Z,,,0,,
401817085,2026-09-25,5080756,Henry Bolte,home,sb,Stolen Base,sb_pg,poisson,0.5,0.18,0.19,0.1687,under,high,2026-09-15T21:14:30Z,,,0,,
401817085,2026-09-25,5080756,Henry Bolte,home,tb,Total Bases,tb_pg,negbin,1.5,1.32,1.36,0.3584,under,med,2026-09-15T21:14:30Z,,,0,,
401817100,2026-09-26,40926,Brent Rooker,home,hits,Hits,hits_pg,poisson,0.5,0.73,0.75,0.5177,over,low,2026-09-15T21:14:30Z,,,0,,
401817100,2026-09-26,40926,Brent Rooker,home,hits2,Hits (2+),hits_pg,poisson,1.5,0.73,0.75,0.166,under,high,2026-09-15T21:14:30Z,,,0,,
401817100,2026-09-26,40926,Brent Rooker,home,hr,Home Run,hr_pg,poisson,0.5,0.2,0.21,0.1847,under,high,2026-09-15T21:14:30Z,,,0,,
401817100,2026-09-26,40926,Brent Rooker,home,rbi,RBIs,rbi_pg,poisson,0.5,0.58,0.6,0.442,under,low,2026-09-15T21:14:30Z,,,0,,
401817100,2026-09-26,40926,Brent Rooker,home,runs,Runs Scored,runs_pg,poisson,0.5,0.41,0.42,0.3353,under,med,2026-09-15T21:14:30Z,,,0,,
401817100,2026-09-26,40926,Brent Rooker,home,tb,Total Bases,tb_pg,negbin,1.5,1.42,1.46,0.3871,under,med,2026-09-15T21:14:30Z,,,0,,
401817100,2026-09-26,42598,Shea Langeliers,home,hits,Hits,hits_pg,poisson,0.5,1.03,1.06,0.6432,over,med,2026-09-15T21:14:30Z,,,0,,
401817100,2026-09-26,42598,Shea Langeliers,home,hits2,Hits (2+),hits_pg,poisson,1.5,1.03,1.06,0.2755,under,high,2026-09-15T21:14:30Z,,,0,,
401817100,2026-09-26,42598,Shea Langeliers,home,hr,Home Run,hr_pg,poisson,0.5,0.23,0.24,0.2081,under,high,2026-09-15T21:14:30Z,,,0,,
401817100,2026-09-26,42598,Shea Langeliers,home,rbi,RBIs,rbi_pg,poisson,0.5,0.55,0.57,0.4255,under,low,2026-09-15T21:14:30Z,,,0,,
401817100,2026-09-26,42598,Shea Langeliers,home,runs,Runs Scored,runs_pg,poisson,0.5,0.56,0.58,0.431,under,low,2026-09-15T21:14:30Z,,,0,,
401817100,2026-09-26,42598,Shea Langeliers,home,tb,Total Bases,tb_pg,negbin,1.5,1.93,1.99,0.5276,over,low,2026-09-15T21:14:30Z,,,0,,
401817100,2026-09-26,4414531,Zack Gelof,home,hits,Hits,hits_pg,poisson,0.5,0.87,0.89,0.5791,over,low,2026-09-15T21:14:30Z,,,0,,
401817100,2026-09-26,4414531,Zack Gelof,home,hits2,Hits (2+),hits_pg,poisson,1.5,0.87,0.89,0.2149,under,high,2026-09-15T21:14:30Z,,,0,,
401817100,2026-09-26,4414531,Zack Gelof,home,hr,Home Run,hr_pg,poisson,0.5,0.18,0.18,0.1606,under,high,2026-09-15T21:14:30Z,,,0,,
401817100,2026-09-26,4414531,Zack Gelof,home,rbi,RBIs,rbi_pg,poisson,0.5,0.45,0.46,0.3606,under,med,2026-09-15T21:14:30Z,,,0,,
401817100,2026-09-26,4414531,Zack Gelof,home,sb,Stolen Base,sb_pg,poisson,0.5,0.14,0.14,0.1273,under,high,2026-09-15T21:14:30Z,,,0,,
401817100,2026-09-26,4414531,Zack Gelof,home,tb,Total Bases,tb_pg,negbin,1.5,1.58,1.63,0.4345,under,low,2026-09-15T21:14:30Z,,,0,,
401817100,2026-09-26,4686066,Tyler Soderstrom,home,hits,Hits,hits_pg,poisson,0.5,0.87,0.89,0.5791,over,low,2026-09-15T21:14:30Z,,,0,,
401817100,2026-09-26,4686066,Tyler Soderstrom,home,hits2,Hits (2+),hits_pg,poisson,1.5,0.87,0.89,0.2149,under,high,2026-09-15T21:14:30Z,,,0,,
401817100,2026-09-26,4686066,Tyler Soderstrom,home,hr,Home Run,hr_pg,poisson,0.5,0.17,0.17,0.1524,under,high,2026-09-15T21:14:30Z,,,0,,
401817100,2026-09-26,4686066,Tyler Soderstrom,home,rbi,RBIs,rbi_pg,poisson,0.5,0.5,0.51,0.391,under,med,2026-09-15T21:14:30Z,,,0,,
401817100,2026-09-26,4686066,Tyler Soderstrom,home,runs,Runs Scored,runs_pg,poisson,0.5,0.52,0.53,0.4027,under,med,2026-09-15T21:14:30Z,,,0,,
401817100,2026-09-26,4686066,Tyler Soderstrom,home,tb,Total Bases,tb_pg,negbin,1.5,1.67,1.72,0.4587,under,low,2026-09-15T21:14:30Z,,,0,,
401817100,2026-09-26,4719300,Jacob Wilson,home,hits,Hits,hits_pg,poisson,0.5,1.03,1.06,0.6432,over,med,2026-09-15T21:14:30Z,,,0,,
401817100,2026-09-26,4719300,Jacob Wilson,home,hits2,Hits (2+),hits_pg,poisson,1.5,1.03,1.06,0.2755,under,high,2026-09-15T21:14:30Z,,,0,,
401817100,2026-09-26,4719300,Jacob Wilson,home,hr,Home Run,hr_pg,poisson,0.5,0.09,0.09,0.0838,under,high,2026-09-15T21:14:30Z,,,0,,
401817100,2026-09-26,4719300,Jacob Wilson,home,rbi,RBIs,rbi_pg,poisson,0.5,0.45,0.46,0.3606,under,med,2026-09-15T21:14:30Z,,,0,,
401817100,2026-09-26,4719300,Jacob Wilson,home,runs,Runs Scored,runs_pg,poisson,0.5,0.45,0.46,0.3606,under,med,2026-09-15T21:14:30Z,,,0,,
401817100,2026-09-26,4719300,Jacob Wilson,home,tb,Total Bases,tb_pg,negbin,1.5,1.51,1.55,0.4124,under,low,2026-09-15T21:14:30Z,,,0,,
401817100,2026-09-26,4966637,Nick Kurtz,home,hits,Hits,hits_pg,poisson,0.5,0.88,0.91,0.5872,over,low,2026-09-15T21:14:30Z,,,0,,
401817100,2026-09-26,4966637,Nick Kurtz,home,hits2,Hits (2+),hits_pg,poisson,1.5,0.88,0.91,0.222,under,high,2026-09-15T21:14:30Z,,,0,,
401817100,2026-09-26,4966637,Nick Kurtz,home,hr,Home Run,hr_pg,poisson,0.5,0.2,0.21,0.1847,under,high,2026-09-15T21:14:30Z,,,0,,
401817100,2026-09-26,4966637,Nick Kurtz,home,rbi,RBIs,rbi_pg,poisson,0.5,0.68,0.7,0.4937,under,low,2026-09-15T21:14:30Z,,,0,,
401817100,2026-09-26,4966637,Nick Kurtz,home,runs,Runs Scored,runs_pg,poisson,0.5,0.61,0.63,0.458,under,low,2026-09-15T21:14:30Z,,,0,,
401817100,2026-09-26,4966637,Nick Kurtz,home,tb,Total Bases,tb_pg,negbin,1.5,1.67,1.72,0.4587,under,low,2026-09-15T21:14:30Z,,,0,,
401817100,2026-09-26,5023768,Joshua Kuroda-Grauer,home,hits,Hits,hits_pg,poisson,0.5,1.52,1.56,0.7806,over,high,2026-09-15T21:14:30Z,,,0,,
401817100,2026-09-26,5023768,Joshua Kuroda-Grauer,home,hits2,Hits (2+),hits_pg,poisson,1.5,1.52,1.56,0.4478,under,low,2026-09-15T21:14:30Z,,,0,,
401817100,2026-09-26,5023768,Joshua Kuroda-Grauer,home,hr,Home Run,hr_pg,poisson,0.5,0.06,0.06,0.0567,under,high,2026-09-15T21:14:30Z,,,0,,
401817100,2026-09-26,5023768,Joshua Kuroda-Grauer,home,rbi,RBIs,rbi_pg,poisson,0.5,0.24,0.25,0.2158,under,high,2026-09-15T21:14:30Z,,,0,,
401817100,2026-09-26,5023768,Joshua Kuroda-Grauer,home,runs,Runs Scored,runs_pg,poisson,0.5,0.49,0.5,0.385,under,med,2026-09-15T21:14:30Z,,,0,,
401817100,2026-09-26,5023768,Joshua Kuroda-Grauer,home,tb,Total Bases,tb_pg,negbin,1.5,2.13,2.19,0.5745,over,low,2026-09-15T21:14:30Z,,,0,,
401817100,2026-09-26,5080756,Henry Bolte,home,hits,Hits,hits_pg,poisson,0.5,0.91,0.94,0.5991,over,med,2026-09-15T21:14:30Z,,,0,,
401817100,2026-09-26,5080756,Henry Bolte,home,hits2,Hits (2+),hits_pg,poisson,1.5,0.91,0.94,0.2326,under,high,2026-09-15T21:14:30Z,,,0,,
401817100,2026-09-26,5080756,Henry Bolte,home,hr,Home Run,hr_pg,poisson,0.5,0.09,0.09,0.0838,under,high,2026-09-15T21:14:30Z,,,0,,
401817100,2026-09-26,5080756,Henry Bolte,home,rbi,RBIs,rbi_pg,poisson,0.5,0.3,0.31,0.2602,under,high,2026-09-15T21:14:30Z,,,0,,
401817100,2026-09-26,5080756,Henry Bolte,home,sb,Stolen Base,sb_pg,poisson,0.5,0.18,0.19,0.1687,under,high,2026-09-15T21:14:30Z,,,0,,
401817100,2026-09-26,5080756,Henry Bolte,home,tb,Total Bases,tb_pg,negbin,1.5,1.32,1.36,0.3584,under,med,2026-09-15T21:14:30Z,,,0,,
401817115,2026-09-27,40926,Brent Rooker,home,hits,Hits,hits_pg,poisson,0.5,0.73,0.75,0.5177,over,low,2026-09-15T21:14:30Z,,,0,,
401817115,2026-09-27,40926,Brent Rooker,home,hits2,Hits (2+),hits_pg,poisson,1.5,0.73,0.75,0.166,under,high,2026-09-15T21:14:30Z,,,0,,
401817115,2026-09-27,40926,Brent Rooker,home,hr,Home Run,hr_pg,poisson,0.5,0.2,0.21,0.1847,under,high,2026-09-15T21:14:30Z,,,0,,
401817115,2026-09-27,40926,Brent Rooker,home,rbi,RBIs,rbi_pg,poisson,0.5,0.58,0.6,0.442,under,low,2026-09-15T21:14:30Z,,,0,,
401817115,2026-09-27,40926,Brent Rooker,home,runs,Runs Scored,runs_pg,poisson,0.5,0.41,0.42,0.3353,under,med,2026-09-15T21:14:30Z,,,0,,
401817115,2026-09-27,40926,Brent Rooker,home,tb,Total Bases,tb_pg,negbin,1.5,1.42,1.46,0.3871,under,med,2026-09-15T21:14:30Z,,,0,,
401817115,2026-09-27,42598,Shea Langeliers,home,hits,Hits,hits_pg,poisson,0.5,1.03,1.06,0.6432,over,med,2026-09-15T21:14:30Z,,,0,,
401817115,2026-09-27,42598,Shea Langeliers,home,hits2,Hits (2+),hits_pg,poisson,1.5,1.03,1.06,0.2755,under,high,2026-09-15T21:14:30Z,,,0,,
401817115,2026-09-27,42598,Shea Langeliers,home,hr,Home Run,hr_pg,poisson,0.5,0.23,0.24,0.2081,under,high,2026-09-15T21:14:30Z,,,0,,
401817115,2026-09-27,42598,Shea Langeliers,home,rbi,RBIs,rbi_pg,poisson,0.5,0.55,0.57,0.4255,under,low,2026-09-15T21:14:30Z,,,0,,
401817115,2026-09-27,42598,Shea Langeliers,home,runs,Runs Scored,runs_pg,poisson,0.5,0.56,0.58,0.431,under,low,2026-09-15T21:14:30Z,,,0,,
401817115,2026-09-27,42598,Shea Langeliers,home,tb,Total Bases,tb_pg,negbin,1.5,1.93,1.99,0.5276,over,low,2026-09-15T21:14:30Z,,,0,,
401817115,2026-09-27,4414531,Zack Gelof,home,hits,Hits,hits_pg,poisson,0.5,0.87,0.89,0.5791,over,low,2026-09-15T21:14:30Z,,,0,,
401817115,2026-09-27,4414531,Zack Gelof,home,hits2,Hits (2+),hits_pg,poisson,1.5,0.87,0.89,0.2149,under,high,2026-09-15T21:14:30Z,,,0,,
401817115,2026-09-27,4414531,Zack Gelof,home,hr,Home Run,hr_pg,poisson,0.5,0.18,0.18,0.1606,under,high,2026-09-15T21:14:30Z,,,0,,
401817115,2026-09-27,4414531,Zack Gelof,home,rbi,RBIs,rbi_pg,poisson,0.5,0.45,0.46,0.3606,under,med,2026-09-15T21:14:30Z,,,0,,
401817115,2026-09-27,4414531,Zack Gelof,home,sb,Stolen Base,sb_pg,poisson,0.5,0.14,0.14,0.1273,under,high,2026-09-15T21:14:30Z,,,0,,
401817115,2026-09-27,4414531,Zack Gelof,home,tb,Total Bases,tb_pg,negbin,1.5,1.58,1.63,0.4345,under,low,2026-09-15T21:14:30Z,,,0,,
401817115,2026-09-27,4686066,Tyler Soderstrom,home,hits,Hits,hits_pg,poisson,0.5,0.87,0.89,0.5791,over,low,2026-09-15T21:14:30Z,,,0,,
401817115,2026-09-27,4686066,Tyler Soderstrom,home,hits2,Hits (2+),hits_pg,poisson,1.5,0.87,0.89,0.2149,under,high,2026-09-15T21:14:30Z,,,0,,
401817115,2026-09-27,4686066,Tyler Soderstrom,home,hr,Home Run,hr_pg,poisson,0.5,0.17,0.17,0.1524,under,high,2026-09-15T21:14:30Z,,,0,,
401817115,2026-09-27,4686066,Tyler Soderstrom,home,rbi,RBIs,rbi_pg,poisson,0.5,0.5,0.51,0.391,under,med,2026-09-15T21:14:30Z,,,0,,
401817115,2026-09-27,4686066,Tyler Soderstrom,home,runs,Runs Scored,runs_pg,poisson,0.5,0.52,0.53,0.4027,under,med,2026-09-15T21:14:30Z,,,0,,
401817115,2026-09-27,4686066,Tyler Soderstrom,home,tb,Total Bases,tb_pg,negbin,1.5,1.67,1.72,0.4587,under,low,2026-09-15T21:14:30Z,,,0,,
401817115,2026-09-27,4719300,Jacob Wilson,home,hits,Hits,hits_pg,poisson,0.5,1.03,1.06,0.6432,over,med,2026-09-15T21:14:30Z,,,0,,
401817115,2026-09-27,4719300,Jacob Wilson,home,hits2,Hits (2+),hits_pg,poisson,1.5,1.03,1.06,0.2755,under,high,2026-09-15T21:14:30Z,,,0,,
401817115,2026-09-27,4719300,Jacob Wilson,home,hr,Home Run,hr_pg,poisson,0.5,0.09,0.09,0.0838,under,high,2026-09-15T21:14:30Z,,,0,,
401817115,2026-09-27,4719300,Jacob Wilson,home,rbi,RBIs,rbi_pg,poisson,0.5,0.45,0.46,0.3606,under,med,2026-09-15T21:14:30Z,,,0,,
401817115,2026-09-27,4719300,Jacob Wilson,home,runs,Runs Scored,runs_pg,poisson,0.5,0.45,0.46,0.3606,under,med,2026-09-15T21:14:30Z,,,0,,
401817115,2026-09-27,4719300,Jacob Wilson,home,tb,Total Bases,tb_pg,negbin,1.5,1.51,1.55,0.4124,under,low,2026-09-15T21:14:30Z,,,0,,
401817115,2026-09-27,4966637,Nick Kurtz,home,hits,Hits,hits_pg,poisson,0.5,0.88,0.91,0.5872,over,low,2026-09-15T21:14:30Z,,,0,,
401817115,2026-09-27,4966637,Nick Kurtz,home,hits2,Hits (2+),hits_pg,poisson,1.5,0.88,0.91,0.222,under,high,2026-09-15T21:14:30Z,,,0,,
401817115,2026-09-27,4966637,Nick Kurtz,home,hr,Home Run,hr_pg,poisson,0.5,0.2,0.21,0.1847,under,high,2026-09-15T21:14:30Z,,,0,,
401817115,2026-09-27,4966637,Nick Kurtz,home,rbi,RBIs,rbi_pg,poisson,0.5,0.68,0.7,0.4937,under,low,2026-09-15T21:14:30Z,,,0,,
401817115,2026-09-27,4966637,Nick Kurtz,home,runs,Runs Scored,runs_pg,poisson,0.5,0.61,0.63,0.458,under,low,2026-09-15T21:14:30Z,,,0,,
401817115,2026-09-27,4966637,Nick Kurtz,home,tb,Total Bases,tb_pg,negbin,1.5,1.67,1.72,0.4587,under,low,2026-09-15T21:14:30Z,,,0,,
401817115,2026-09-27,5023768,Joshua Kuroda-Grauer,home,hits,Hits,hits_pg,poisson,0.5,1.52,1.56,0.7806,over,high,2026-09-15T21:14:30Z,,,0,,
401817115,2026-09-27,5023768,Joshua Kuroda-Grauer,home,hits2,Hits (2+),hits_pg,poisson,1.5,1.52,1.56,0.4478,under,low,2026-09-15T21:14:30Z,,,0,,
401817115,2026-09-27,5023768,Joshua Kuroda-Grauer,home,hr,Home Run,hr_pg,poisson,0.5,0.06,0.06,0.0567,under,high,2026-09-15T21:14:30Z,,,0,,
401817115,2026-09-27,5023768,Joshua Kuroda-Grauer,home,rbi,RBIs,rbi_pg,poisson,0.5,0.24,0.25,0.2158,under,high,2026-09-15T21:14:30Z,,,0,,
401817115,2026-09-27,5023768,Joshua Kuroda-Grauer,home,runs,Runs Scored,runs_pg,poisson,0.5,0.49,0.5,0.385,under,med,2026-09-15T21:14:30Z,,,0,,
401817115,2026-09-27,5023768,Joshua Kuroda-Grauer,home,tb,Total Bases,tb_pg,negbin,1.5,2.13,2.19,0.5745,over,low,2026-09-15T21:14:30Z,,,0,,
401817115,2026-09-27,5080756,Henry Bolte,home,hits,Hits,hits_pg,poisson,0.5,0.91,0.94,0.5991,over,med,2026-09-15T21:14:30Z,,,0,,
401817115,2026-09-27,5080756,Henry Bolte,home,hits2,Hits (2+),hits_pg,poisson,1.5,0.91,0.94,0.2326,under,high,2026-09-15T21:14:30Z,,,0,,
401817115,2026-09-27,5080756,Henry Bolte,home,hr,Home Run,hr_pg,poisson,0.5,0.09,0.09,0.0838,under,high,2026-09-15T21:14:30Z,,,0,,
401817115,2026-09-27,5080756,Henry Bolte,home,rbi,RBIs,rbi_pg,poisson,0.5,0.3,0.31,0.2602,under,high,2026-09-15T21:14:30Z,,,0,,
401817115,2026-09-27,5080756,Henry Bolte,home,sb,Stolen Base,sb_pg,poisson,0.5,0.18,0.19,0.1687,under,high,2026-09-15T21:14:30Z,,,0,,
401817115,2026-09-27,5080756,Henry Bolte,home,tb,Total Bases,tb_pg,negbin,1.5,1.32,1.36,0.3584,under,med,2026-09-15T21:14:30Z,,,0,,
